Delta,Time,CPU_FREQUENCY_0,CPU_FREQUENCY_1,CPU_FREQUENCY_2,CPU_FREQUENCY_3,CPU_USAGE_0,CPU_USAGE_1,CPU_USAGE_2,CPU_USAGE_3,DRAM_ENERGY (J),PACKAGE_ENERGY (J),PP0_ENERGY (J),PP1_ENERGY (J),PROCESS_CPU_USAGE,PROCESS_MEMORY,PROCESS_VIRTUAL_MEMORY,TOTAL_MEMORY,TOTAL_SWAP,USED_MEMORY,USED_SWAP
0,1736792675617,1600,1600,1600,1600,0,0,0,0,111606.50402832031,15256.103576660156,215703.4356689453,0,0,4685824,36384768,33610452992,34317791232,3752456192,2371584
200,1736792675617,1600,1600,1600,1600,0,0,0,0,111606.52404785156,15256.173645019531,215703.47235107422,0,0,4685824,36384768,33610452992,34317791232,3752456192,2371584
200,1736792675817,1600,1600,1599,1600,0,0,0,0,111607.37139892578,15257.836486816406,215703.94689941406,0,0,4685824,36384768,33610452992,34317791232,3821477888,2371584
199,1736792676017,1599,1600,1599,1600,0,0,0,0,111608.21301269531,15259.33447265625,215704.3416748047,0,80,4685824,36384768,33610452992,34317791232,3882467328,2371584
200,1736792676217,1599,1600,1599,1600,0,0,0,0,111609.12280273438,15260.892272949219,215704.7216796875,0,88.8888931274414,4685824,36384768,33610452992,34317791232,3955027968,2371584
199,1736792676417,1600,1600,1600,1600,0,0,0,0,111610.04754638672,15262.516906738281,215705.13146972656,0,100,4685824,36384768,33610452992,34317791232,4001734656,2371584
200,1736792676617,1600,1600,1600,1600,0,0,0,0,111611.07580566406,15264.150207519531,215705.53155517578,0,104.99999237060547,4685824,36384768,33610452992,34317791232,4081676288,2371584
199,1736792676817,1599,1600,1600,1600,100,4.761904716491699,5,0,111612.04815673828,15265.746459960938,215705.91680908203,0,95,4685824,36384768,33610452992,34317791232,4142833664,2371584
199,1736792677017,1600,1600,1600,1600,100,4.761904716491699,5,0,111612.96765136719,15267.345886230469,215706.3031616211,0,101.26582336425781,4685824,36384768,33610452992,34317791232,4192378880,2371584
199,1736792677217,1599,1600,1600,1600,100,9.523809432983398,0,5,111613.7015991211,15268.970886230469,215706.7196044922,0,100,4685824,36384768,33610452992,34317791232,4192378880,2371584
199,1736792677418,1599,1600,1600,1600,100,9.523809432983398,0,5,111614.42602539063,15270.588012695313,215707.13439941406,0,101.26582336425781,4685824,36384768,33610452992,34317791232,4202442752,2371584
199,1736792677618,1600,1600,1600,1600,100,4.761904716491699,0,4.761904716491699,111615.32403564453,15272.25146484375,215707.54974365234,0,98.76543426513672,4685824,36384768,33610452992,34317791232,4202442752,2371584
199,1736792677818,1599,1600,1600,1600,100,5,4.761904716491699,0,111616.12512207031,15273.731994628906,215707.90979003906,0,106.32911682128906,4685824,36384768,33610452992,34317791232,4328112128,2371584
199,1736792678018,1600,1600,1600,1600,100,0,0,0,111616.75659179688,15275.122131347656,215708.2578125,0,101.26582336425781,4685824,36384768,33610452992,34317791232,4328112128,2371584
199,1736792678218,1600,1600,1600,1600,100,0,0,0,111617.37579345703,15276.494323730469,215708.60577392578,0,98.76543426513672,4685824,36384768,33610452992,34317791232,4328112128,2371584
200,1736792678418,1599,1600,1600,1600,100,0,0,0,111618.00378417969,15277.927856445313,215708.9822998047,0,50.632911682128906,4685824,36384768,33610452992,34317791232,4328112128,2371584
199,1736792678618,1600,1600,1600,1600,100,1.6949152946472168,3.3333334922790527,3.3333334922790527,111618.62426757813,15279.29150390625,215709.3226928711,0,50.632911682128906,4685824,36384768,33610452992,34317791232,4328112128,2371584
199,1736792678818,1600,1600,1600,1600,100,5,4.761904716491699,5,111619.24768066406,15280.679016113281,215709.67041015625,0,98.76543426513672,4685824,36384768,33610452992,34317791232,4328112128,2371584
200,1736792679018,1600,1600,1600,1600,100,0,5,0,111619.87414550781,15282.065795898438,215710.01275634766,0,101.26582336425781,4685824,36384768,33610452992,34317791232,4328112128,2371584
199,1736792679218,1599,1600,1600,1600,100,5,0,0,111620.49829101563,15283.452270507813,215710.36907958984,0,98.76543426513672,4685824,36384768,33610452992,34317791232,4328112128,2371584
199,1736792679418,1599,1600,1600,1600,100,20,0,5,111621.1294555664,15284.960998535156,215710.81048583984,0,101.26582336425781,4685824,36384768,33610452992,34317791232,4328112128,2371584
199,1736792679619,1599,1600,1600,1600,100,0,5,4.761904716491699,111621.75494384766,15286.341979980469,215711.1571044922,0,100,4685824,36384768,33610452992,34317791232,4328112128,2371584
200,1736792679819,1600,1600,1600,1600,100,0,5,4.761904716491699,111622.37915039063,15287.728271484375,215711.50518798828,0,101.26582336425781,4685824,36384768,33610452992,34317791232,4328112128,2371584
199,1736792680019,1599,1600,1600,1600,100,0,0,0,111623.0023803711,15289.101501464844,215711.8475341797,0,100,4685824,36384768,33610452992,34317791232,4328112128,2371584
199,1736792680219,1600,1600,1600,1600,100,4.761904716491699,0,5,111623.62670898438,15290.488098144531,215712.19689941406,0,101.26582336425781,4685824,36384768,33610452992,34317791232,4328112128,2371584
199,1736792680419,1600,1600,1600,1600,100,5,5,5,111624.25158691406,15291.907165527344,215712.56579589844,0,98.76543426513672,4685824,36384768,33610452992,34317791232,4328112128,2371584
200,1736792680619,1599,1600,1600,1600,100,0,4.761904716491699,0,111624.87518310547,15293.280395507813,215712.91046142578,0,100,4685824,36384768,33610452992,34317791232,4328112128,2371584
199,1736792680819,1600,1600,1600,1600,100,4.761904716491699,0,0,111625.49908447266,15294.662048339844,215713.2589111328,0,101.26582336425781,4685824,36384768,33610452992,34317791232,4328112128,2371584
200,1736792681019,1599,1600,1600,1600,100,0,0,0,111626.12194824219,15296.032043457031,215713.6005859375,0,100,4685824,36384768,33610452992,34317791232,4328112128,2371584
200,1736792681219,1600,1600,1600,1600,100,4.761904716491699,0,5,111626.74578857422,15297.412658691406,215713.9482421875,0,100,4685824,36384768,33610452992,34317791232,4328112128,2371584
200,1736792681419,1599,1600,1600,1600,100,0,5,4.761904716491699,111627.37274169922,15298.832763671875,215714.30987548828,0,100,4685824,36384768,33610452992,34317791232,4328112128,2371584
200,1736792681619,1600,1600,1600,1600,100,0,0,5,111627.99591064453,15300.207763671875,215714.66094970703,0,100,4685824,36384768,33610452992,34317791232,4328108032,2371584
200,1736792681819,1599,1600,1600,1600,100,0,5,0,111628.61975097656,15301.585754394531,215715.00811767578,0,101.26582336425781,4685824,36384768,33610452992,34317791232,4328108032,2371584
199,1736792682020,1600,1600,1600,1600,100,5,0,0,111629.2426147461,15302.95458984375,215715.35083007813,0,101.26582336425781,4685824,36384768,33610452992,34317791232,4328108032,2371584
199,1736792682220,1599,1600,1600,1600,100,4.761904716491699,5,5,111629.86633300781,15304.339721679688,215715.70037841797,0,100,4685824,36384768,33610452992,34317791232,4328108032,2371584
199,1736792682420,1599,1600,1600,1600,100,0,0,0,111630.48992919922,15305.740478515625,215716.06085205078,0,100,4685824,36384768,33610452992,34317791232,4328108032,2371584
200,1736792682620,1600,1600,1600,1600,100,4.761904716491699,4.761904716491699,5,111631.11254882813,15307.115295410156,215716.40283203125,0,101.26582336425781,4685824,36384768,33610452992,34317791232,4328108032,2371584
199,1736792682820,1600,1600,1600,1600,100,4.761904716491699,4.761904716491699,5,111631.736328125,15308.493225097656,215716.75061035156,0,98.76543426513672,4685824,36384768,33610452992,34317791232,4328108032,2371584
199,1736792683020,1599,1600,1600,1600,100,0,4.761904716491699,5,111632.35906982422,15309.865173339844,215717.09197998047,0,101.26582336425781,4685824,36384768,33610452992,34317791232,4328108032,2371584
199,1736792683220,1600,1600,1600,1600,100,0,0,0,111632.98254394531,15311.246337890625,215717.43951416016,0,100,4685824,36384768,33610452992,34317791232,4328108032,2371584
199,1736792683420,1599,1600,1600,1600,100,5,0,5,111633.60607910156,15312.638732910156,215717.7969970703,0,102.5641098022461,4685824,36384768,33610452992,34317791232,4328108032,2371584
199,1736792683620,1599,1600,1600,1600,100,4.761904716491699,0,0,111634.22863769531,15314.012145996094,215718.1400756836,0,101.26582336425781,4685824,36384768,33610452992,34317791232,4328108032,2371584
200,1736792683820,1600,1600,1600,1600,100,0,9.523809432983398,4.761904716491699,111634.85552978516,15315.396911621094,215718.48846435547,0,98.76543426513672,4685824,36384768,33610452992,34317791232,4328108032,2371584
199,1736792684020,1599,1600,1600,1600,100,4.761904716491699,0,0,111635.47833251953,15316.785766601563,215718.8397216797,0,96.2025375366211,4685824,36384768,33610452992,34317791232,4328108032,2371584
200,1736792684220,1599,1600,1600,1600,100,0,0,4.761904716491699,111636.10180664063,15318.18896484375,215719.19592285156,0,98.76543426513672,4685824,36384768,33610452992,34317791232,4328108032,2371584
199,1736792684421,1600,1600,1600,1600,100,4.761904716491699,5,5,111636.7310180664,15319.617065429688,215719.56439208984,0,104.99999237060547,4685824,36384768,33610452992,34317791232,4328108032,2371584
199,1736792684621,1599,1600,1600,1600,100,4.761904716491699,5,5,111637.3472290039,15320.995361328125,215719.9093017578,0,93.82715606689453,4685824,36384768,33610452992,34317791232,4328108032,2371584
199,1736792684821,1600,1600,1600,1600,100,4.761904716491699,5,5,111637.96978759766,15322.388000488281,215720.25958251953,0,50.632911682128906,4685824,36384768,33610452992,34317791232,4328108032,2371584
200,1736792685021,1600,1600,1600,1600,100,4.761904716491699,5,5,111638.59259033203,15323.784606933594,215720.61102294922,0,100,4685824,36384768,33610452992,34317791232,4328108032,2371584
200,1736792685221,1599,1600,1600,1600,100,4.761904716491699,5,5,111639.21594238281,15325.182373046875,215720.96411132813,0,98.76543426513672,4685824,36384768,33610452992,34317791232,4328108032,2371584
199,1736792685421,1600,1600,1600,1600,100,4.761904716491699,5,5,111639.83825683594,15326.570678710938,215721.3120727539,0,98.76543426513672,4685824,36384768,33610452992,34317791232,4328108032,2371584
199,1736792685621,1599,1600,1600,1600,100,4.761904716491699,5,5,111640.46142578125,15327.994018554688,215721.68060302734,0,100,4685824,36384768,33610452992,34317791232,4328108032,2371584
199,1736792685821,1600,1600,1600,1600,100,4.761904716491699,5,5,111641.08404541016,15329.393249511719,215722.03259277344,0,98.76543426513672,4685824,36384768,33610452992,34317791232,4328108032,2371584
200,1736792686021,1599,1600,1600,1600,100,4.761904716491699,5,5,111641.7103881836,15330.807434082031,215722.38610839844,0,98.76543426513672,4685824,36384768,33610452992,34317791232,4328108032,2371584
200,1736792686221,1600,1600,1600,1600,100,4.761904716491699,5,5,111642.33392333984,15332.211364746094,215722.74993896484,0,106.32911682128906,4685824,36384768,33610452992,34317791232,4328108032,2371584
200,1736792686421,1600,1600,1600,1600,100,4.761904716491699,5,5,111642.95623779297,15333.608764648438,215723.10028076172,0,98.76543426513672,4685824,36384768,33610452992,34317791232,4328108032,2371584
199,1736792686621,1599,1600,1600,1600,100,4.761904716491699,5,5,111643.57989501953,15335.037536621094,215723.47076416016,0,101.26582336425781,4685824,36384768,33610452992,34317791232,4328108032,2371584
199,1736792686822,1600,1600,1600,1600,100,4.761904716491699,5,5,111644.20251464844,15336.431457519531,215723.8192138672,0,100,4685824,36384768,33610452992,34317791232,4328108032,2371584
200,1736792687022,1599,1600,1600,1600,100,4.761904716491699,5,5,111644.83172607422,15337.841003417969,215724.17419433594,0,100,4685824,36384768,33610452992,34317791232,4328108032,2371584
199,1736792687222,1600,1600,1600,1600,100,4.761904716491699,5,5,111645.45263671875,15339.241149902344,215724.53576660156,0,100,4685824,36384768,33610452992,34317791232,4328337408,2371584
200,1736792687422,1599,1600,1600,1600,100,4.761904716491699,5,5,111646.07598876953,15340.638549804688,215724.88677978516,0,49.6894416809082,4685824,36384768,33610452992,34317791232,4328337408,2371584
199,1736792687622,1599,1600,1600,1600,100,4.761904716491699,5,5,111646.70001220703,15342.084411621094,215725.26556396484,0,102.5641098022461,4685824,36384768,33610452992,34317791232,4328333312,2371584
200,1736792687822,1599,1600,1600,1600,100,4.761904716491699,5,5,111647.3226928711,15343.479675292969,215725.61474609375,0,100,4685824,36384768,33610452992,34317791232,4328333312,2371584
199,1736792688023,1599,1600,1600,1600,100,4.761904716491699,5,5,111647.94934082031,15344.899353027344,215725.97717285156,0,101.26582336425781,4685824,36384768,33610452992,34317791232,4328333312,2371584
200,1736792688222,1600,1600,1600,1600,100,4.761904716491699,5,5,111648.57025146484,15346.292053222656,215726.3291015625,0,101.26582336425781,4685824,36384768,33610452992,34317791232,4328333312,2371584
200,1736792688422,1600,1600,1600,1600,100,4.761904716491699,5,5,111649.19610595703,15347.697692871094,215726.6844482422,0,49.6894416809082,4685824,36384768,33610452992,34317791232,4328333312,2371584
200,1736792688622,1599,1600,1600,1600,100,4.761904716491699,5,5,111649.8193359375,15349.140869140625,215727.0601196289,0,102.5641098022461,4685824,36384768,33610452992,34317791232,4328333312,2371584
200,1736792688822,1599,1600,1600,1600,100,4.761904716491699,5,5,111650.44311523438,15350.542907714844,215727.4161376953,0,100,4685824,36384768,33610452992,34317791232,4328333312,2371584
199,1736792689022,1600,1600,1600,1600,100,4.761904716491699,5,5,111651.06579589844,15351.947021484375,215727.77044677734,0,100,4685824,36384768,33610452992,34317791232,4328333312,2371584
200,1736792689223,1599,1600,1600,1600,100,4.761904716491699,5,5,111651.69012451172,15353.3564453125,215728.1300048828,0,98.76543426513672,4685824,36384768,33610452992,34317791232,4328333312,2371584
200,1736792689423,1599,1600,1600,1600,100,4.761904716491699,5,5,111652.31262207031,15354.75439453125,215728.48052978516,0,93.82715606689453,4685824,36384768,33610452992,34317791232,4328333312,2371584
200,1736792689623,1599,1600,1600,1600,100,2.414486885070801,2.994011878967285,2.8056113719940186,111652.93579101563,15356.180114746094,215728.84954833984,0,102.5641098022461,4685824,36384768,33610452992,34317791232,4328333312,2371584
199,1736792689823,1600,1600,1600,1600,100,0,4.761904716491699,5,111653.55834960938,15357.579162597656,215729.2001953125,0,100,4685824,36384768,33610452992,34317791232,4328333312,2371584
199,1736792690023,1600,1600,1600,1600,100,0,5,0,111654.18090820313,15358.974792480469,215729.5512084961,0,98.76543426513672,4685824,36384768,33610452992,34317791232,4328333312,2371584
199,1736792690223,1599,1600,1600,1600,100,0,0,4.761904716491699,111654.80505371094,15360.380249023438,215729.90844726563,0,102.5641098022461,4685824,36384768,33610452992,34317791232,4328333312,2371584
199,1736792690423,1599,1600,1600,1600,100,5,0,0,111655.42749023438,15361.777038574219,215730.25805664063,0,100,4685824,36384768,33610452992,34317791232,4328333312,2371584
199,1736792690623,1600,1600,1600,1600,100,0,4.761904716491699,0,111656.05395507813,15363.232177734375,215730.63214111328,0,100,4685824,36384768,33610452992,34317791232,4328333312,2371584
199,1736792690823,1599,1600,1600,1600,100,4.761904716491699,0,4.761904716491699,111656.6763305664,15364.628784179688,215730.9888305664,0,100,4685824,36384768,33610452992,34317791232,4328333312,2371584
199,1736792691023,1599,1600,1600,1600,100,5,4.761904716491699,0,111657.29876708984,15366.0263671875,215731.34045410156,0,101.26582336425781,4685824,36384768,33610452992,34317791232,4328333312,2371584
200,1736792691223,1600,1600,1600,1600,100,0,0,0,111657.9228515625,15367.431213378906,215731.69763183594,0,98.76543426513672,4685824,36384768,33610452992,34317791232,4328333312,2371584
200,1736792691424,1600,1600,1600,1600,100,0,0,5,111658.54510498047,15368.831726074219,215732.04986572266,0,102.5641098022461,4685824,36384768,33610452992,34317791232,4328333312,2371584
200,1736792691624,1599,1600,1600,1600,100,0,5,5,111659.1685180664,15370.282592773438,215732.42767333984,0,101.26582336425781,4685824,36384768,33610452992,34317791232,4328333312,2371584
199,1736792691824,1600,1600,1600,1600,100,5,0,4.761904716491699,111659.79077148438,15371.675842285156,215732.77545166016,0,98.76543426513672,4685824,36384768,33610452992,34317791232,4328333312,2371584
199,1736792692024,1600,1600,1600,1600,100,0,0,0,111660.41320800781,15373.078002929688,215733.12823486328,0,98.76543426513672,4685824,36384768,33610452992,34317791232,4328333312,2371584
199,1736792692224,1600,1600,1600,1600,100,5,9.090909004211426,4.761904716491699,111661.04321289063,15374.498718261719,215733.48907470703,0,106.32911682128906,4685824,36384768,33610452992,34317791232,4328333312,2371584
199,1736792692424,1599,1600,1600,1600,100,5,9.090909004211426,4.761904716491699,111661.6591796875,15375.88037109375,215733.83435058594,0,92.68292999267578,4685824,36384768,33610452992,34317791232,4328333312,2371584
200,1736792692624,1600,1600,1600,1600,100,5,9.090909004211426,4.761904716491699,111662.28204345703,15377.32861328125,215734.21118164063,0,50.632911682128906,4685824,36384768,33610452992,34317791232,4328333312,2371584
199,1736792692824,1599,1600,1600,1600,100,5,9.090909004211426,4.761904716491699,111662.90441894531,15378.723815917969,215734.56030273438,0,101.26582336425781,4685824,36384768,33610452992,34317791232,4328333312,2371584
199,1736792693025,1600,1600,1600,1600,100,5,9.090909004211426,4.761904716491699,111663.53002929688,15380.144470214844,215734.92095947266,0,98.76543426513672,4685824,36384768,33610452992,34317791232,4328333312,2371584
199,1736792693224,1600,1600,1600,1600,100,5,9.090909004211426,4.761904716491699,111664.15338134766,15381.564514160156,215735.28240966797,0,98.76543426513672,4685824,36384768,33610452992,34317791232,4328333312,2371584
200,1736792693424,1599,1600,1600,1600,100,5,9.090909004211426,4.761904716491699,111664.77600097656,15382.974975585938,215735.63842773438,0,50.632911682128906,4685824,36384768,33610452992,34317791232,4328333312,2371584
199,1736792693624,1599,1600,1600,1600,100,5,9.090909004211426,4.761904716491699,111665.39880371094,15384.44384765625,215736.02307128906,0,100,4685824,36384768,33610452992,34317791232,4328333312,2371584
200,1736792693825,1600,1600,1600,1600,100,5,9.090909004211426,4.761904716491699,111666.02069091797,15385.840209960938,215736.37231445313,0,100,4685824,36384768,33610452992,34317791232,4328333312,2371584
199,1736792694025,1599,1600,1600,1600,100,5,9.090909004211426,4.761904716491699,111666.64318847656,15387.244567871094,215736.72637939453,0,100,4685824,36384768,33610452992,34317791232,4328333312,2371584
200,1736792694225,1600,1600,1600,1600,100,5,9.090909004211426,4.761904716491699,111667.26647949219,15388.654541015625,215737.0850830078,0,100,4685824,36384768,33610452992,34317791232,4328333312,2371584
200,1736792694425,1600,1600,1600,1600,100,5,9.090909004211426,4.761904716491699,111667.88916015625,15390.056701660156,215737.43841552734,0,100,4685824,36384768,33610452992,34317791232,4328333312,2371584
200,1736792694625,1599,1600,1600,1600,100,5,9.090909004211426,4.761904716491699,111668.5121459961,15391.521911621094,215737.82165527344,0,98.76543426513672,4685824,36384768,33610452992,34317791232,4328333312,2371584
200,1736792694825,1600,1600,1600,1600,100,5,9.090909004211426,4.761904716491699,111669.13427734375,15392.921447753906,215738.17126464844,0,98.76543426513672,4685824,36384768,33610452992,34317791232,4328333312,2371584
200,1736792695025,1599,1600,1600,1600,100,5,9.090909004211426,4.761904716491699,111669.7564086914,15394.322937011719,215738.52319335938,0,98.76543426513672,4685824,36384768,33610452992,34317791232,4328333312,2371584
199,1736792695225,1600,1600,1600,1600,100,5,9.090909004211426,4.761904716491699,111670.38293457031,15395.739868164063,215738.87768554688,0,97.56097412109375,4685824,36384768,33610452992,34317791232,4328333312,2371584
199,1736792695425,1600,1600,1600,1600,100,5,9.090909004211426,4.761904716491699,111671.005859375,15397.143798828125,215739.23944091797,0,101.26582336425781,4685824,36384768,33610452992,34317791232,4328333312,2371584
199,1736792695625,1599,1600,1600,1600,100,5,9.090909004211426,4.761904716491699,111671.62854003906,15398.598876953125,215739.61840820313,0,104.99999237060547,4685824,36384768,33610452992,34317791232,4328333312,2371584
199,1736792695825,1600,1600,1600,1600,100,5,9.090909004211426,4.761904716491699,111672.25048828125,15399.996520996094,215739.96771240234,0,98.76543426513672,4685824,36384768,33610452992,34317791232,4328333312,2371584
200,1736792696025,1599,1600,1600,1600,100,5,9.090909004211426,4.761904716491699,111672.87237548828,15401.392028808594,215740.3162841797,0,100,4685824,36384768,33610452992,34317791232,4328333312,2371584
199,1736792696226,1600,1600,1600,1600,100,5,9.090909004211426,4.761904716491699,111673.49615478516,15402.80810546875,215740.67742919922,0,101.26582336425781,4685824,36384768,33610452992,34317791232,4328333312,2371584
199,1736792696426,1600,1600,1600,1600,100,2.857142925262451,2.625298261642456,3.087886095046997,111674.11804199219,15404.202392578125,215741.02612304688,0,101.26582336425781,4685824,36384768,33610452992,34317791232,4328333312,2371584
199,1736792696626,1599,1600,1600,1600,100,5,5,5,111674.74194335938,15405.650634765625,215741.40588378906,0,100,4685824,36384768,33610452992,34317791232,4328333312,2371584
199,1736792696826,1599,1600,1600,1600,100,0,4.761904716491699,0,111675.36437988281,15407.0556640625,215741.7603149414,0,100,4685824,36384768,33610452992,34317791232,4328333312,2371584
200,1736792697026,1600,1600,1600,1600,100,0,0,4.761904716491699,111675.98638916016,15408.455749511719,215742.11236572266,0,101.26582336425781,4685824,36384768,33610452992,34317791232,4328333312,2371584
199,1736792697226,1599,1600,1600,1600,100,9.523809432983398,0,0,111676.61694335938,15409.893249511719,215742.4901123047,0,98.76543426513672,4685824,36384768,33610452992,34317791232,4328521728,2371584
199,1736792697426,1600,1600,1600,1600,100,9.523809432983398,0,0,111677.23944091797,15411.292846679688,215742.833984375,0,101.26582336425781,4685824,36384768,33610452992,34317791232,4328521728,2371584
199,1736792697626,1599,1600,1600,1600,100,4.761904716491699,0,0,111677.86352539063,15412.73974609375,215743.21801757813,0,100,4685824,36384768,33610452992,34317791232,4328554496,2371584
199,1736792697826,1599,1600,1600,1600,100,4.761904716491699,0,0,111678.48748779297,15414.185852050781,215743.5961303711,0,49.6894416809082,4685824,36384768,33610452992,34317791232,4328550400,2371584
199,1736792698026,1599,1600,1600,1600,100,4.761904716491699,0,0,111679.10986328125,15415.584533691406,215743.94903564453,0,101.26582336425781,4685824,36384768,33610452992,34317791232,4328550400,2371584
200,1736792698226,1600,1600,1600,1600,100,4.761904716491699,0,0,111679.73413085938,15416.998413085938,215744.31121826172,0,101.26582336425781,4685824,36384768,33610452992,34317791232,4328550400,2371584
199,1736792698426,1599,1600,1600,1600,100,4.761904716491699,0,0,111680.35668945313,15418.400268554688,215744.66369628906,0,98.76543426513672,4685824,36384768,33610452992,34317791232,4328550400,2371584
199,1736792698627,1600,1600,1600,1600,100,4.761904716491699,0,0,111680.98028564453,15419.842956542969,215745.0401611328,0,98.76543426513672,4685824,36384768,33610452992,34317791232,4328550400,2371584
200,1736792698827,1600,1600,1600,1600,100,2.5210084915161133,3.3333334922790527,4.13223123550415,111681.60241699219,15421.241638183594,215745.3897705078,0,100,4685824,36384768,33610452992,34317791232,4328550400,2371584
199,1736792699027,1599,1600,1600,1600,100,0,5,0,111682.22454833984,15422.63818359375,215745.740234375,0,101.26582336425781,4685824,36384768,33610452992,34317791232,4328550400,2371584
200,1736792699227,1599,1600,1600,1600,100,4.761904716491699,0,0,111682.8480834961,15424.045959472656,215746.09930419922,0,98.76543426513672,4685824,36384768,33610452992,34317791232,4328550400,2371584
199,1736792699427,1600,1600,1600,1600,100,0,5,0,111683.4701538086,15425.443481445313,215746.44970703125,0,102.5641098022461,4685824,36384768,33610452992,34317791232,4328550400,2371584
199,1736792699627,1599,1600,1600,1600,100,5,0,5,111684.09356689453,15426.871154785156,215746.82080078125,0,100,4685824,36384768,33610452992,34317791232,4328550400,2371584
200,1736792699827,1599,1600,1600,1600,100,0,0,0,111684.71563720703,15428.261535644531,215747.1689453125,0,101.26582336425781,4685824,36384768,33610452992,34317791232,4328550400,2371584
200,1736792700027,1599,1600,1600,1600,100,0,4.761904716491699,5,111685.34265136719,15429.679443359375,215747.52954101563,0,98.76543426513672,4685824,36384768,33610452992,34317791232,4328550400,2371584
199,1736792700227,1599,1600,1600,1600,100,4.761904716491699,0,0,111685.96655273438,15431.086242675781,215747.88677978516,0,101.26582336425781,4685824,36384768,33610452992,34317791232,4328550400,2371584
199,1736792700427,1600,1600,1600,1600,100,4.761904716491699,0,0,111686.59008789063,15432.492919921875,215748.24407958984,0,102.5641098022461,4685824,36384768,33610452992,34317791232,4328550400,2371584
199,1736792700627,1600,1600,1600,1600,100,0,5,4.761904716491699,111687.21307373047,15433.92333984375,215748.61450195313,0,97.56097412109375,4685824,36384768,33610452992,34317791232,4328550400,2371584
199,1736792700827,1599,1600,1600,1600,100,5,4.761904716491699,0,111687.83630371094,15435.326538085938,215748.96868896484,0,102.5641098022461,4685824,36384768,33610452992,34317791232,4328550400,2371584
199,1736792701028,1600,1600,1600,1600,100,0,0,5,111688.45831298828,15436.727416992188,215749.3201904297,0,98.76543426513672,4685824,36384768,33610452992,34317791232,4328550400,2371584
199,1736792701228,1600,1600,1600,1600,100,4.761904716491699,5,5,111689.08184814453,15438.133178710938,215749.67803955078,0,101.26582336425781,4685824,36384768,33610452992,34317791232,4328550400,2371584
199,1736792701428,1599,1600,1600,1600,100,5,0,0,111689.70385742188,15439.529968261719,215750.0274658203,0,100,4685824,36384768,33610452992,34317791232,4328550400,2371584
199,1736792701628,1600,1600,1600,1600,100,5,0,0,111690.33221435547,15440.999084472656,215750.4246826172,0,101.26582336425781,4685824,36384768,33610452992,34317791232,4328550400,2371584
199,1736792701828,1599,1600,1600,1600,100,0,5,5,111690.95599365234,15442.408264160156,215750.78143310547,0,100,4685824,36384768,33610452992,34317791232,4328550400,2371584
199,1736792702028,1600,1600,1600,1600,100,5,4.761904716491699,0,111691.58215332031,15443.822631835938,215751.1397705078,0,101.26582336425781,4685824,36384768,33610452992,34317791232,4328550400,2371584
199,1736792702228,1599,1600,1600,1600,100,4.761904716491699,0,0,111692.20599365234,15445.233520507813,215751.49853515625,0,98.76543426513672,4685824,36384768,33610452992,34317791232,4328550400,2371584
199,1736792702428,1600,1600,1600,1600,100,4.761904716491699,0,0,111692.82836914063,15446.634948730469,215751.8504638672,0,101.26582336425781,4685824,36384768,33610452992,34317791232,4328550400,2371584
199,1736792702628,1599,1600,1600,1600,100,0,0,0,111693.4515991211,15448.106018066406,215752.23559570313,0,100,4685824,36384768,33610452992,34317791232,4328546304,2371584
199,1736792702828,1599,1600,1600,1600,100,5,5,4.761904716491699,111694.07452392578,15449.510314941406,215752.58911132813,0,101.26582336425781,4685824,36384768,33610452992,34317791232,4328546304,2371584
199,1736792703028,1600,1600,1600,1600,100,0,4.761904716491699,5,111694.69702148438,15450.908203125,215752.93780517578,0,98.76543426513672,4685824,36384768,33610452992,34317791232,4328546304,2371584
199,1736792703228,1599,1600,1600,1600,100,0,4.761904716491699,5,111695.32080078125,15452.316101074219,215753.29455566406,0,102.5641098022461,4685824,36384768,33610452992,34317791232,4328546304,2371584
199,1736792703429,1600,1600,1600,1600,100,4.761904716491699,0,0,111695.94305419922,15453.711547851563,215753.64276123047,0,100,4685824,36384768,33610452992,34317791232,4328546304,2371584
199,1736792703629,1600,1600,1600,1600,100,0,0,5,111696.56604003906,15455.157897949219,215754.01831054688,0,100,4685824,36384768,33610452992,34317791232,4328546304,2371584
199,1736792703829,1600,1600,1600,1600,100,0,0,5,111697.1889038086,15456.556396484375,215754.36877441406,0,101.26582336425781,4685824,36384768,33610452992,34317791232,4328546304,2371584
200,1736792704029,1599,1600,1600,1600,100,4.761904716491699,0,0,111697.8110961914,15457.952941894531,215754.7183227539,0,100,4685824,36384768,33610452992,34317791232,4328546304,2371584
199,1736792704229,1600,1600,1600,1600,100,5,4.761904716491699,5,111698.43481445313,15459.356323242188,215755.0740966797,0,100,4685824,36384768,33610452992,34317791232,4328546304,2371584
199,1736792704429,1599,1600,1600,1600,100,4.761904716491699,5,4.761904716491699,111699.05688476563,15460.753479003906,215755.42309570313,0,98.76543426513672,4685824,36384768,33610452992,34317791232,4328546304,2371584
199,1736792704629,1600,1600,1600,1600,100,0,4.761904716491699,5,111699.68341064453,15462.228332519531,215755.80926513672,0,98.76543426513672,4685824,36384768,33610452992,34317791232,4328546304,2371584
200,1736792704829,1599,1600,1600,1600,100,9.523809432983398,0,4.761904716491699,111700.30560302734,15463.62548828125,215756.15789794922,0,98.76543426513672,4685824,36384768,33610452992,34317791232,4328546304,2371584
199,1736792705029,1600,1600,1600,1600,100,0,9.523809432983398,0,111700.92846679688,15465.027770996094,215756.51092529297,0,100,4685824,36384768,33610452992,34317791232,4328546304,2371584
199,1736792705229,1599,1600,1600,1600,100,5,0,0,111701.55181884766,15466.435302734375,215756.86541748047,0,98.76543426513672,4685824,36384768,33610452992,34317791232,4328546304,2371584
199,1736792705429,1600,1600,1600,1600,100,5,0,0,111702.17456054688,15467.839721679688,215757.21813964844,0,100,4685824,36384768,33610452992,34317791232,4328546304,2371584
199,1736792705629,1599,1600,1600,1600,100,0,0,5,111702.79736328125,15469.290710449219,215757.595703125,0,101.26582336425781,4685824,36384768,33610452992,34317791232,4328546304,2371584
199,1736792705830,1599,1600,1600,1600,100,0,0,5,111703.41961669922,15470.692260742188,215757.94702148438,0,98.76543426513672,4685824,36384768,33610452992,34317791232,4328546304,2371584
199,1736792706030,1600,1600,1600,1600,100,4.761904716491699,4.761904716491699,5,111704.04266357422,15472.095336914063,215758.3017578125,0,98.76543426513672,4685824,36384768,33610452992,34317791232,4328546304,2371584
199,1736792706230,1600,1600,1600,1600,100,0,0,0,111704.666015625,15473.524230957031,215758.66510009766,0,100,4685824,36384768,33610452992,34317791232,4328546304,2371584
200,1736792706430,1599,1600,1600,1600,100,4.761904716491699,4.761904716491699,5,111705.28839111328,15474.919128417969,215759.01531982422,0,102.5641098022461,4685824,36384768,33610452992,34317791232,4328546304,2371584
200,1736792706630,1599,1600,1600,1600,100,0,5,4.761904716491699,111705.9116821289,15476.361083984375,215759.38970947266,0,98.76543426513672,4685824,36384768,33610452992,34317791232,4328546304,2371584
200,1736792706830,1599,1600,1600,1600,100,0,5,0,111706.53729248047,15477.768920898438,215759.74432373047,0,100,4685824,36384768,33610452992,34317791232,4328546304,2371584
199,1736792707030,1599,1600,1600,1600,100,5,0,0,111707.16009521484,15479.163635253906,215760.09423828125,0,101.26582336425781,4685824,36384768,33610452992,34317791232,4328546304,2371584
199,1736792707230,1600,1600,1600,1600,100,5,0,5,111707.78723144531,15480.586547851563,215760.46160888672,0,100,4685824,36384768,33610452992,34317791232,4328792064,2371584
199,1736792707430,1599,1600,1600,1600,100,5,0,5,111708.41015625,15481.990356445313,215760.81414794922,0,100,4685824,36384768,33610452992,34317791232,4328792064,2371584
199,1736792707630,1599,1600,1600,1600,100,0,0,5,111709.03344726563,15483.424865722656,215761.18524169922,0,100,4685824,36384768,33610452992,34317791232,4328775680,2371584
199,1736792707830,1600,1600,1600,1600,100,0,0,5,111709.65600585938,15484.820983886719,215761.53344726563,0,50,4685824,36384768,33610452992,34317791232,4328775680,2371584
199,1736792708030,1599,1600,1600,1600,100,0,0,5,111710.27966308594,15486.232971191406,215761.8930053711,0,101.26582336425781,4685824,36384768,33610452992,34317791232,4328775680,2371584
199,1736792708231,1600,1600,1600,1600,100,0,0,5,111710.9047241211,15487.671508789063,215762.26879882813,0,97.56097412109375,4685824,36384768,33610452992,34317791232,4328775680,2371584
199,1736792708431,1599,1600,1600,1600,100,0,0,5,111711.52728271484,15489.075744628906,215762.62060546875,0,100,4685824,36384768,33610452992,34317791232,4328775680,2371584
200,1736792708631,1600,1600,1600,1600,100,0,0,5,111712.150390625,15490.509338378906,215762.9903564453,0,102.5641098022461,4685824,36384768,33610452992,34317791232,4328771584,2371584
200,1736792708831,1599,1600,1600,1600,100,0,0,5,111712.77258300781,15491.909851074219,215763.33990478516,0,100,4685824,36384768,33610452992,34317791232,4328771584,2371584
199,1736792709031,1600,1600,1600,1600,100,0,0,5,111713.39477539063,15493.312683105469,215763.69073486328,0,100,4685824,36384768,33610452992,34317791232,4328771584,2371584
199,1736792709231,1599,1600,1600,1600,100,0,0,5,111714.02221679688,15494.738098144531,215764.05657958984,0,98.76543426513672,4685824,36384768,33610452992,34317791232,4328771584,2371584
199,1736792709431,1599,1600,1600,1600,100,0,0,5,111714.64459228516,15496.151000976563,215764.4116821289,0,100,4685824,36384768,33610452992,34317791232,4328771584,2371584
199,1736792709631,1600,1600,1600,1600,100,2.304147481918335,3.6199097633361816,2.2831051349639893,111715.26745605469,15497.586547851563,215764.78295898438,0,100,4685824,36384768,33610452992,34317791232,4328771584,2371584
199,1736792709831,1600,1600,1600,1600,100,2.304147481918335,3.6199097633361816,2.2831051349639893,111715.88970947266,15498.985900878906,215765.13354492188,0,101.26582336425781,4685824,36384768,33610452992,34317791232,4328771584,2371584
199,1736792710031,1599,1600,1600,1600,100,2.304147481918335,3.6199097633361816,2.2831051349639893,111716.51165771484,15500.383056640625,215765.48303222656,0,50,4685824,36384768,33610452992,34317791232,4328771584,2371584
200,1736792710231,1600,1600,1600,1600,100,2.304147481918335,3.6199097633361816,2.2831051349639893,111717.1357421875,15501.79052734375,215765.8402709961,0,101.26582336425781,4685824,36384768,33610452992,34317791232,4328771584,2371584
200,1736792710431,1599,1600,1600,1600,100,2.304147481918335,3.6199097633361816,2.2831051349639893,111717.75817871094,15503.192810058594,215766.19146728516,0,101.26582336425781,4685824,36384768,33610452992,34317791232,4328771584,2371584
200,1736792710632,1600,1600,1600,1600,100,0,5,5,111718.38110351563,15504.642028808594,215766.56671142578,0,100,4685824,36384768,33610452992,34317791232,4328771584,2371584
199,1736792710832,1600,1600,1600,1600,100,0,5,5,111719.00317382813,15506.038330078125,215766.91595458984,0,101.26582336425781,4685824,36384768,33610452992,34317791232,4328771584,2371584
199,1736792711032,1600,1600,1600,1600,100,0,5,5,111719.62512207031,15507.43994140625,215767.26629638672,0,50,4685824,36384768,33610452992,34317791232,4328771584,2371584
200,1736792711232,1599,1600,1600,1600,100,0,5,5,111720.24896240234,15508.851867675781,215767.62481689453,0,101.26582336425781,4685824,36384768,33610452992,34317791232,4328771584,2371584
200,1736792711432,1599,1600,1600,1600,100,0,5,5,111720.87463378906,15510.265075683594,215767.97650146484,0,100,4685824,36384768,33610452992,34317791232,4328771584,2371584
200,1736792711632,1599,1600,1600,1600,100,0,5,5,111721.49786376953,15511.72509765625,215768.36419677734,0,98.76543426513672,4685824,36384768,33610452992,34317791232,4328771584,2371584
200,1736792711832,1600,1600,1600,1600,100,0,5,5,111722.11993408203,15513.1240234375,215768.71459960938,0,101.26582336425781,4685824,36384768,33610452992,34317791232,4328771584,2371584
199,1736792712032,1600,1600,1600,1600,100,0,5,5,111722.74194335938,15514.523986816406,215769.06469726563,0,100,4685824,36384768,33610452992,34317791232,4328771584,2371584
199,1736792712232,1599,1600,1600,1600,100,0,5,5,111723.36596679688,15515.938293457031,215769.4248046875,0,101.26582336425781,4685824,36384768,33610452992,34317791232,4329029632,2371584
200,1736792712432,1600,1600,1600,1600,100,0,5,5,111723.98760986328,15517.359008789063,215769.78485107422,0,100,4685824,36384768,33610452992,34317791232,4329029632,2371584
200,1736792712632,1600,1600,1600,1600,100,0,5,5,111724.60968017578,15518.824523925781,215770.16815185547,0,101.26582336425781,4685824,36384768,33610452992,34317791232,4329029632,2371584
200,1736792712833,1599,1600,1600,1600,100,0,5,5,111725.23107910156,15520.239807128906,215770.52563476563,0,98.76543426513672,4685824,36384768,33610452992,34317791232,4329029632,2371584
199,1736792713033,1599,1600,1600,1600,100,0,5,5,111725.85241699219,15521.655578613281,215770.8832397461,0,101.26582336425781,4685824,36384768,33610452992,34317791232,4329029632,2371584
199,1736792713233,1600,1600,1600,1600,100,0,5,5,111726.47552490234,15523.07763671875,215771.24700927734,0,100,4685824,36384768,33610452992,34317791232,4329029632,2371584
200,1736792713433,1599,1600,1600,1600,100,0,5,5,111727.09777832031,15524.497253417969,215771.60693359375,0,100,4685824,36384768,33610452992,34317791232,4329029632,2371584
200,1736792713633,1600,1600,1600,1600,100,0,5,5,111727.72033691406,15525.946044921875,215771.98553466797,0,98.76543426513672,4685824,36384768,33610452992,34317791232,4329029632,2371584
200,1736792713833,1599,1600,1600,1600,100,2.2012579441070557,2.2012579441070557,2.8125,111728.34161376953,15527.357788085938,215772.34088134766,0,98.76543426513672,4685824,36384768,33610452992,34317791232,4329029632,2371584
199,1736792714033,1600,1600,1600,1600,100,4.761904716491699,4.761904716491699,5,111728.96307373047,15528.775756835938,215772.69903564453,0,100,4685824,36384768,33610452992,34317791232,4329029632,2371584
199,1736792714233,1599,1600,1600,1600,100,9.523809432983398,5,4.761904716491699,111729.58905029297,15530.212951660156,215773.07025146484,0,97.56097412109375,4685824,36384768,33610452992,34317791232,4329029632,2371584
199,1736792714433,1599,1600,1600,1600,100,4.761904716491699,9.090909004211426,5,111730.21118164063,15531.637573242188,215773.43157958984,0,100,4685824,36384768,33610452992,34317791232,4329029632,2371584
199,1736792714633,1600,1600,1600,1600,100,5,0,0,111730.83654785156,15533.1015625,215773.80975341797,0,97.56097412109375,4685824,36384768,33610452992,34317791232,4329029632,2371584
200,1736792714833,1600,1600,1600,1600,100,5,0,0,111731.45489501953,15534.513854980469,215774.1707763672,0,100,4685824,36384768,33610452992,34317791232,4329029632,2371584
200,1736792715033,1599,1600,1600,1600,100,5,0,0,111732.076171875,15535.931518554688,215774.52813720703,0,50,4685824,36384768,33610452992,34317791232,4329029632,2371584
199,1736792715234,1599,1600,1600,1600,100,5,0,0,111732.69854736328,15537.3544921875,215774.8901977539,0,100,4685824,36384768,33610452992,34317791232,4329029632,2371584
199,1736792715434,1599,1600,1600,1600,100,1.2658227682113647,3.7037036418914795,1.2658227682113647,111733.3207397461,15538.772827148438,215775.25115966797,0,100,4685824,36384768,33610452992,34317791232,4329029632,2371584
199,1736792715634,1600,1600,1600,1600,100,0,5,5,111733.94317626953,15540.250915527344,215775.64196777344,0,101.26582336425781,4685824,36384768,33610452992,34317791232,4329029632,2371584
200,1736792715834,1599,1600,1600,1600,100,4.761904716491699,0,0,111734.56463623047,15541.667419433594,215775.99975585938,0,100,4685824,36384768,33610452992,34317791232,4329029632,2371584
199,1736792716034,1599,1600,1600,1600,100,5,0,0,111735.18579101563,15543.081848144531,215776.35626220703,0,101.26582336425781,4685824,36384768,33610452992,34317791232,4329029632,2371584
199,1736792716234,1599,1600,1600,1600,100,4.761904716491699,0,5,111735.81158447266,15544.520812988281,215776.71844482422,0,100,4685824,36384768,33610452992,34317791232,4329029632,2371584
200,1736792716434,1600,1600,1600,1600,100,0,5,0,111736.43267822266,15545.936279296875,215777.0831298828,0,100,4685824,36384768,33610452992,34317791232,4329029632,2371584
200,1736792716634,1599,1600,1600,1600,100,0,0,4.761904716491699,111737.0562133789,15547.419616699219,215777.47674560547,0,98.76543426513672,4685824,36384768,33610452992,34317791232,4329029632,2371584
200,1736792716834,1600,1600,1600,1600,100,4.761904716491699,0,5,111737.67767333984,15548.837585449219,215777.83471679688,0,102.5641098022461,4685824,36384768,33610452992,34317791232,4329029632,2371584
200,1736792717034,1599,1600,1600,1600,100,5,5,0,111738.29895019531,15550.256896972656,215778.19403076172,0,100,4685824,36384768,33610452992,34317791232,4329029632,2371584
199,1736792717234,1600,1600,1600,1600,100,0,5,0,111738.92504882813,15551.691650390625,215778.56811523438,0,101.26582336425781,4685824,36384768,33610452992,34317791232,4329029632,2371584
199,1736792717434,1600,1600,1600,1600,100,4.761904716491699,0,0,111739.55322265625,15553.122985839844,215778.9291381836,0,98.76543426513672,4685824,36384768,33610452992,34317791232,4329029632,2371584
199,1736792717635,1599,1600,1600,1600,100,4.761904716491699,0,0,111740.17041015625,15554.57861328125,215779.31427001953,0,101.26582336425781,4685824,36384768,33610452992,34317791232,4329021440,2371584
200,1736792717835,1600,1600,1600,1600,100,4.761904716491699,0,0,111740.79187011719,15555.994445800781,215779.6713256836,0,50.31446838378906,4685824,36384768,33610452992,34317791232,4329021440,2371584
199,1736792718035,1599,1600,1600,1600,100,4.761904716491699,0,0,111741.41979980469,15557.427734375,215780.03356933594,0,100,4685824,36384768,33610452992,34317791232,4329021440,2371584
200,1736792718235,1599,1600,1600,1600,100,4.761904716491699,0,0,111742.03649902344,15558.838439941406,215780.39331054688,0,100,4685824,36384768,33610452992,34317791232,4329021440,2371584
199,1736792718435,1599,1600,1600,1600,100,4.761904716491699,0,0,111742.658203125,15560.260925292969,215780.75341796875,0,50.632911682128906,4685824,36384768,33610452992,34317791232,4329021440,2371584
200,1736792718635,1599,1600,1600,1600,100,4.761904716491699,0,0,111743.28509521484,15561.734924316406,215781.14617919922,0,100,4685824,36384768,33610452992,34317791232,4329021440,2371584
199,1736792718835,1600,1600,1600,1600,100,4.761904716491699,0,0,111743.91387939453,15563.200439453125,215781.5415649414,0,98.76543426513672,4685824,36384768,33610452992,34317791232,4329250816,2371584
200,1736792719035,1600,1600,1600,1600,100,2.51572322845459,3.1446542739868164,2.5,111744.5365600586,15564.618835449219,215781.8995361328,0,98.76543426513672,4685824,36384768,33610452992,34317791232,4329250816,2371584
200,1736792719235,1600,1600,1600,1600,100,0,5,4.761904716491699,111745.16027832031,15566.0498046875,215782.26361083984,0,101.26582336425781,4685824,36384768,33610452992,34317791232,4329250816,2371584
199,1736792719435,1599,1600,1600,1600,100,5,0,0,111745.78283691406,15567.471130371094,215782.62396240234,0,100,4685824,36384768,33610452992,34317791232,4329250816,2371584
200,1736792719635,1600,1600,1600,1600,100,5,0,0,111746.40625,15568.93017578125,215783.0078125,0,100,4685824,36384768,33610452992,34317791232,4329246720,2371584
199,1736792719836,1600,1600,1600,1600,100,0,0,0,111747.02801513672,15570.345397949219,215783.3634033203,0,102.5641098022461,4685824,36384768,33610452992,34317791232,4329246720,2371584
200,1736792720036,1599,1600,1600,1600,100,0,0,0,111747.6509399414,15571.772521972656,215783.72979736328,0,100,4685824,36384768,33610452992,34317791232,4329246720,2371584
199,1736792720236,1600,1600,1600,1600,100,4.761904716491699,9.523809432983398,4.761904716491699,111748.29150390625,15573.269348144531,215784.13641357422,0,104.99999237060547,4685824,36384768,33610452992,34317791232,4329504768,2371584
199,1736792720436,1599,1600,1600,1600,100,4.761904716491699,9.523809432983398,4.761904716491699,111748.9384765625,15574.817077636719,215784.5966796875,0,95,4685824,36384768,33610452992,34317791232,4333633536,2371584
199,1736792720636,1599,1600,1600,1600,100,4.761904716491699,9.523809432983398,4.761904716491699,111749.56408691406,15576.258728027344,215784.97290039063,0,50.31446838378906,4685824,36384768,33610452992,34317791232,4333633536,2371584
199,1736792720836,1600,1600,1600,1600,100,4.761904716491699,9.523809432983398,4.761904716491699,111750.18774414063,15577.680480957031,215785.3341064453,0,100,4685824,36384768,33610452992,34317791232,4333633536,2371584
199,1736792721036,1600,1600,1600,1600,100,4.761904716491699,9.523809432983398,4.761904716491699,111750.8099975586,15579.096801757813,215785.69079589844,0,100,4685824,36384768,33610452992,34317791232,4333633536,2371584
199,1736792721236,1599,1600,1600,1600,100,4.761904716491699,9.523809432983398,4.761904716491699,111751.43341064453,15580.520812988281,215786.0548095703,0,100,4685824,36384768,33610452992,34317791232,4333633536,2371584
199,1736792721436,1600,1600,1600,1600,100,4.761904716491699,9.523809432983398,4.761904716491699,111752.0551147461,15581.931701660156,215786.41082763672,0,101.26582336425781,4685824,36384768,33610452992,34317791232,4333633536,2371584
199,1736792721636,1599,1600,1600,1600,100,4.761904716491699,9.523809432983398,4.761904716491699,111752.68438720703,15583.380615234375,215786.78704833984,0,102.43902587890625,4685824,36384768,33610452992,34317791232,4333633536,2371584
200,1736792721836,1600,1600,1600,1600,100,4.761904716491699,9.523809432983398,4.761904716491699,111753.30041503906,15584.789245605469,215787.14453125,0,92.68292999267578,4685824,36384768,33610452992,34317791232,4333633536,2371584
200,1736792722036,1599,1600,1600,1600,100,4.761904716491699,9.523809432983398,4.761904716491699,111753.92211914063,15586.20458984375,215787.50115966797,0,50.955413818359375,4685824,36384768,33610452992,34317791232,4333633536,2371584
199,1736792722237,1600,1600,1600,1600,100,3,4.545454502105713,3.015075445175171,111754.54498291016,15587.630615234375,215787.86456298828,0,50.955413818359375,4685824,36384768,33610452992,34317791232,4333633536,2371584
199,1736792722437,1599,1600,1600,1600,100,0,4.761904716491699,0,111755.16650390625,15589.049499511719,215788.22296142578,0,100,4685824,36384768,33610452992,34317791232,4333633536,2371584
200,1736792722637,1599,1600,1600,1600,100,4.761904716491699,0,5,111755.79211425781,15590.482055664063,215788.59033203125,0,100,4685824,36384768,33610452992,34317791232,4333633536,2371584
199,1736792722837,1600,1600,1600,1600,100,4.761904716491699,0,5,111756.41198730469,15591.928771972656,215788.96783447266,0,100,4685824,36384768,33610452992,34317791232,4333633536,2371584
199,1736792723037,1600,1600,1600,1600,100,4.761904716491699,0,5,111757.037109375,15593.360229492188,215789.33178710938,0,52.173912048339844,4685824,36384768,33610452992,34317791232,4333633536,2371584
199,1736792723237,1599,1600,1600,1600,100,4.761904716491699,0,5,111757.66015625,15594.787292480469,215789.69775390625,0,47.2049674987793,4685824,36384768,33610452992,34317791232,4333633536,2371584
199,1736792723437,1600,1600,1600,1600,100,4.761904716491699,0,5,111758.32153320313,15596.40771484375,215790.1958618164,0,52.499996185302734,4685824,36384768,33610452992,34317791232,4333633536,2371584
199,1736792723637,1600,1600,1600,1600,100,4.761904716491699,0,5,111758.94012451172,15597.809326171875,215790.5499267578,0,50,4685824,36384768,33610452992,34317791232,4333633536,2371584
199,1736792723837,1599,1600,1600,1600,100,4.761904716491699,0,5,111759.5658569336,15599.270385742188,215790.93395996094,0,50.31446838378906,4685824,36384768,33610452992,34317791232,4333633536,2371584
199,1736792724037,1600,1600,1600,1600,100,4.761904716491699,0,5,111760.19458007813,15600.705017089844,215791.29718017578,0,98.76543426513672,4685824,36384768,33610452992,34317791232,4333633536,2371584
199,1736792724237,1600,1600,1600,1600,100,4.761904716491699,0,5,111760.81158447266,15602.112976074219,215791.6563720703,0,98.76543426513672,4685824,36384768,33610452992,34317791232,4333633536,2371584
200,1736792724437,1600,1600,1600,1600,100,4.761904716491699,0,5,111761.43334960938,15603.5361328125,215792.01623535156,0,50,4685824,36384768,33610452992,34317791232,4333633536,2371584
199,1736792724638,1599,1600,1600,1600,100,4.761904716491699,0,5,111762.05487060547,15604.954162597656,215792.3735961914,0,101.26582336425781,4685824,36384768,33610452992,34317791232,4333629440,2371584
200,1736792724838,1599,1600,1600,1600,100,4.761904716491699,0,5,111762.67761230469,15606.416809082031,215792.7564086914,0,100,4685824,36384768,33610452992,34317791232,4333629440,2371584
200,1736792725038,1599,1600,1600,1600,100,4.761904716491699,0,5,111763.29986572266,15607.838684082031,215793.1171875,0,100,4685824,36384768,33610452992,34317791232,4333629440,2371584
199,1736792725238,1600,1600,1600,1600,100,4.761904716491699,0,5,111763.93450927734,15609.285766601563,215793.4884033203,0,100,4685824,36384768,33610452992,34317791232,4333887488,2371584
199,1736792725438,1599,1600,1600,1600,100,4.761904716491699,0,5,111764.5810546875,15610.700744628906,215793.82550048828,0,101.26582336425781,4685824,36384768,33610452992,34317791232,4333887488,2371584
199,1736792725638,1600,1600,1600,1600,100,4.761904716491699,0,5,111765.2255859375,15612.131408691406,215794.17724609375,0,98.76543426513672,4685824,36384768,33610452992,34317791232,4333887488,2371584
199,1736792725838,1600,1600,1600,1600,100,4.761904716491699,0,5,111765.85534667969,15613.593627929688,215794.54327392578,0,102.5641098022461,4685824,36384768,33610452992,34317791232,4333887488,2371584
199,1736792726038,1599,1600,1600,1600,100,4.761904716491699,0,5,111766.48321533203,15614.99755859375,215794.88372802734,0,100,4685824,36384768,33610452992,34317791232,4333887488,2371584
199,1736792726238,1600,1600,1600,1600,100,4.761904716491699,0,5,111767.11352539063,15616.409790039063,215795.22705078125,0,98.76543426513672,4685824,36384768,33610452992,34317791232,4333887488,2371584
199,1736792726438,1600,1600,1600,1600,100,4.761904716491699,0,5,111767.74462890625,15617.827392578125,215795.56396484375,0,100,4685824,36384768,33610452992,34317791232,4333887488,2371584
199,1736792726638,1600,1600,1600,1600,100,4.761904716491699,0,5,111768.4439086914,15619.433654785156,215796.03784179688,0,101.26582336425781,4685824,36384768,33610452992,34317791232,4333887488,2371584
199,1736792726839,1600,1600,1600,1600,100,4.761904716491699,0,5,111769.0736694336,15620.873229980469,215796.3956298828,0,100,4685824,36384768,33610452992,34317791232,4333887488,2371584
199,1736792727039,1599,1600,1600,1600,100,2.961275577545166,5.239180088043213,2.961275577545166,111769.701171875,15622.284973144531,215796.73791503906,0,100,4685824,36384768,33610452992,34317791232,4333887488,2371584
199,1736792727239,1600,1600,1600,1600,100,0,10,5,111770.33862304688,15623.715454101563,215797.09204101563,0,101.26582336425781,4685824,36384768,33610452992,34317791232,4333867008,2371584
199,1736792727439,1599,1600,1600,1600,100,5,0,4.761904716491699,111770.96533203125,15625.116577148438,215797.42797851563,0,101.26582336425781,4685824,36384768,33610452992,34317791232,4333867008,2371584
199,1736792727639,1600,1600,1600,1600,100,5,0,4.761904716491699,111771.59295654297,15626.533203125,215797.77087402344,0,100,4685824,36384768,33610452992,34317791232,4333867008,2371584
199,1736792727839,1600,1600,1600,1600,100,5,0,4.761904716491699,111772.22198486328,15627.992309570313,215798.13671875,0,50,4685824,36384768,33610452992,34317791232,4333867008,2371584
199,1736792728040,1600,1600,1600,1600,100,5,0,4.761904716491699,111772.8530883789,15629.415893554688,215798.48321533203,0,102.5641098022461,4685824,36384768,33610452992,34317791232,4333867008,2371584
199,1736792728239,1599,1600,1600,1600,100,5,0,4.761904716491699,111773.48443603516,15630.83544921875,215798.8236694336,0,102.5641098022461,4685824,36384768,33610452992,34317791232,4333867008,2371584
199,1736792728439,1600,1600,1600,1600,100,3.750000238418579,1.2658227682113647,1.2820513248443604,111774.10876464844,15632.227111816406,215799.15954589844,0,100,4685824,36384768,33610452992,34317791232,4333867008,2371584
199,1736792728639,1600,1600,1600,1600,100,3.750000238418579,1.2658227682113647,1.2820513248443604,111774.74005126953,15633.648254394531,215799.5043334961,0,50,4685824,36384768,33610452992,34317791232,4333867008,2371584
199,1736792728839,1599,1600,1600,1600,100,1.6949152946472168,3.3333334922790527,3.3333334922790527,111775.37005615234,15635.120971679688,215799.86743164063,0,50,4685824,36384768,33610452992,34317791232,4333867008,2371584
199,1736792729040,1599,1600,1600,1600,100,5,0,0,111775.99932861328,15636.527526855469,215800.2139892578,0,101.26582336425781,4685824,36384768,33610452992,34317791232,4333867008,2371584
199,1736792729240,1600,1600,1600,1600,100,0,4.761904716491699,5,111776.63122558594,15637.940490722656,215800.55755615234,0,100,4685824,36384768,33610452992,34317791232,4333867008,2371584
199,1736792729440,1600,1600,1600,1600,100,5,5,0,111777.25970458984,15639.342651367188,215800.8924560547,0,100,4685824,36384768,33610452992,34317791232,4333867008,2371584
199,1736792729640,1600,1600,1600,1600,100,0,4.761904716491699,5,111777.8974609375,15640.768676757813,215801.23767089844,0,101.26582336425781,4685824,36384768,33610452992,34317791232,4333867008,2371584
199,1736792729840,1600,1600,1600,1600,100,0,4.761904716491699,5,111778.52856445313,15642.217224121094,215801.59686279297,0,97.56097412109375,4685824,36384768,33610452992,34317791232,4333867008,2371584
199,1736792730040,1599,1600,1600,1600,100,0,4.761904716491699,5,111779.1577758789,15643.627502441406,215801.9356689453,0,50.632911682128906,4685824,36384768,33610452992,34317791232,4333867008,2371584
199,1736792730240,1600,1600,1600,1600,100,0,4.761904716491699,5,111779.78997802734,15645.051208496094,215802.28240966797,0,100,4685824,36384768,33610452992,34317791232,4333867008,2371584
199,1736792730440,1600,1600,1600,1600,100,0,4.761904716491699,5,111780.41876220703,15646.454162597656,215802.6180419922,0,101.26582336425781,4685824,36384768,33610452992,34317791232,4333867008,2371584
199,1736792730640,1599,1600,1600,1600,100,0,4.761904716491699,5,111781.04614257813,15647.859008789063,215802.95581054688,0,101.26582336425781,4685824,36384768,33610452992,34317791232,4333867008,2371584
199,1736792730840,1599,1600,1600,1600,100,0,4.761904716491699,5,111781.67498779297,15649.326538085938,215803.32250976563,0,100,4685824,36384768,33610452992,34317791232,4333867008,2371584
199,1736792731040,1600,1600,1600,1600,100,0,4.761904716491699,5,111782.30780029297,15650.742980957031,215803.66632080078,0,98.76543426513672,4685824,36384768,33610452992,34317791232,4333867008,2371584
199,1736792731240,1599,1600,1600,1600,100,1.8867924213409424,2.51572322845459,3.1446542739868164,111782.93969726563,15652.163269042969,215804.01263427734,0,98.76543426513672,4685824,36384768,33610452992,34317791232,4333867008,2371584
199,1736792731441,1600,1600,1600,1600,100,5,5,4.761904716491699,111783.5678100586,15653.567199707031,215804.3485107422,0,100,4685824,36384768,33610452992,34317791232,4333867008,2371584
199,1736792731641,1600,1600,1600,1600,100,5,5,5,111784.21313476563,15654.995361328125,215804.69409179688,0,98.76543426513672,4685824,36384768,33610452992,34317791232,4333867008,2371584
199,1736792731841,1600,1600,1600,1600,100,9.523809432983398,0,5,111784.85192871094,15656.466735839844,215805.06048583984,0,98.76543426513672,4685824,36384768,33610452992,34317791232,4333867008,2371584
199,1736792732041,1599,1600,1600,1600,100,5,5,0,111785.4814453125,15657.871459960938,215805.39715576172,0,100,4685824,36384768,33610452992,34317791232,4333867008,2371584
199,1736792732241,1599,1600,1600,1600,100,4.761904716491699,4.761904716491699,5,111786.11334228516,15659.286254882813,215805.7413330078,0,97.56097412109375,4685824,36384768,33610452992,34317791232,4333867008,2371584
199,1736792732441,1600,1600,1600,1600,100,0,5,9.090909004211426,111786.74182128906,15660.685546875,215806.07525634766,0,100,4685824,36384768,33610452992,34317791232,4333867008,2371584
199,1736792732641,1599,1600,1600,1600,100,4.761904716491699,0,0,111787.37548828125,15662.101379394531,215806.41375732422,0,100,4685824,36384768,33610452992,34317791232,4333858816,2371584
199,1736792732841,1600,1600,1600,1600,100,4.761904716491699,0,0,111787.99822998047,15663.539123535156,215806.77154541016,0,98.76543426513672,4685824,36384768,33610452992,34317791232,4333858816,2371584
199,1736792733041,1600,1600,1600,1600,100,4.761904716491699,0,0,111788.63018798828,15664.960388183594,215807.1107788086,0,50,4685824,36384768,33610452992,34317791232,4333858816,2371584
199,1736792733241,1599,1600,1600,1600,100,5,3.3898305892944336,1.7241379022598267,111789.26239013672,15666.381958007813,215807.4633178711,0,50,4685824,36384768,33610452992,34317791232,4333858816,2371584
199,1736792733441,1600,1600,1600,1600,100,0,0,4.761904716491699,111789.89172363281,15667.794311523438,215807.80450439453,0,101.26582336425781,4685824,36384768,33610452992,34317791232,4333858816,2371584
199,1736792733642,1599,1600,1600,1600,100,0,0,4.761904716491699,111790.51922607422,15669.193115234375,215808.14044189453,0,97.56097412109375,4685824,36384768,33610452992,34317791232,4333858816,2371584
199,1736792733842,1600,1600,1600,1600,100,5,5,0,111791.14794921875,15670.639038085938,215808.50030517578,0,101.26582336425781,4685824,36384768,33610452992,34317791232,4333858816,2371584
199,1736792734042,1600,1600,1600,1600,100,5,0,9.523809432983398,111791.7777709961,15672.069763183594,215808.85186767578,0,98.76543426513672,4685824,36384768,33610452992,34317791232,4333858816,2371584
199,1736792734242,1599,1600,1600,1600,100,4.761904716491699,0,0,111792.40869140625,15673.486389160156,215809.1964111328,0,102.5641098022461,4685824,36384768,33610452992,34317791232,4333858816,2371584
199,1736792734442,1599,1600,1600,1600,100,0,5,5,111793.03778076172,15674.898376464844,215809.53771972656,0,100,4685824,36384768,33610452992,34317791232,4333858816,2371584
199,1736792734642,1600,1600,1600,1600,100,0,0,4.761904716491699,111793.66516113281,15676.302062988281,215809.87536621094,0,100,4685824,36384768,33610452992,34317791232,4333858816,2371584
199,1736792734842,1599,1600,1600,1600,100,0,0,4.761904716491699,111794.29400634766,15677.746459960938,215810.23529052734,0,101.26582336425781,4685824,36384768,33610452992,34317791232,4333858816,2371584
199,1736792735042,1600,1600,1600,1600,100,0,5,5,111794.92205810547,15679.160461425781,215810.5767211914,0,101.26582336425781,4685824,36384768,33610452992,34317791232,4333858816,2371584
199,1736792735242,1600,1600,1600,1600,100,5,0,4.761904716491699,111795.55249023438,15680.573059082031,215810.91900634766,0,100,4685824,36384768,33610452992,34317791232,4333858816,2371584
199,1736792735442,1599,1600,1600,1600,100,0,4.761904716491699,0,111796.18579101563,15681.99755859375,215811.26684570313,0,101.26582336425781,4685824,36384768,33610452992,34317791232,4333858816,2371584
199,1736792735642,1600,1600,1600,1600,100,0,4.761904716491699,0,111796.80987548828,15683.390747070313,215811.59899902344,0,100,4685824,36384768,33610452992,34317791232,4333858816,2371584
199,1736792735842,1600,1600,1600,1600,100,0,4.761904716491699,0,111797.44268798828,15684.864807128906,215811.9708251953,0,50,4685824,36384768,33610452992,34317791232,4333858816,2371584
199,1736792736043,1599,1600,1600,1600,100,0,4.761904716491699,0,111798.0708618164,15686.272094726563,215812.30963134766,0,101.26582336425781,4685824,36384768,33610452992,34317791232,4333858816,2371584
199,1736792736243,1599,1600,1600,1600,100,0,4.761904716491699,0,111798.70068359375,15687.683959960938,215812.65100097656,0,100,4685824,36384768,33610452992,34317791232,4333858816,2371584
199,1736792736443,1600,1600,1600,1600,100,0,4.761904716491699,0,111799.32861328125,15689.085083007813,215812.986328125,0,100,4685824,36384768,33610452992,34317791232,4333858816,2371584
199,1736792736643,1600,1600,1600,1600,100,0,4.761904716491699,0,111799.95867919922,15690.496948242188,215813.32696533203,0,101.26582336425781,4685824,36384768,33610452992,34317791232,4333858816,2371584
199,1736792736843,1599,1600,1600,1600,100,0,4.761904716491699,0,111800.59094238281,15691.949157714844,215813.69061279297,0,100,4685824,36384768,33610452992,34317791232,4333858816,2371584
199,1736792737043,1600,1600,1600,1600,100,0,4.761904716491699,0,111801.21887207031,15693.357116699219,215814.02905273438,0,101.26582336425781,4685824,36384768,33610452992,34317791232,4333858816,2371584
199,1736792737243,1600,1600,1600,1600,100,0,4.761904716491699,0,111801.86291503906,15694.788757324219,215814.38079833984,0,100,4685824,36384768,33610452992,34317791232,4333858816,2371584
199,1736792737443,1599,1600,1600,1600,100,2.5125627517700195,2.0202019214630127,3,111802.49084472656,15696.196105957031,215814.7163696289,0,100,4685824,36384768,33610452992,34317791232,4333858816,2371584
199,1736792737643,1599,1600,1600,1600,100,0,5,0,111803.12341308594,15697.621704101563,215815.06475830078,0,101.26582336425781,4685824,36384768,33610452992,34317791232,4333854720,2371584
199,1736792737843,1600,1600,1600,1600,100,0,5,0,111803.75341796875,15699.081970214844,215815.42840576172,0,100,4685824,36384768,33610452992,34317791232,4333854720,2371584
199,1736792738043,1599,1600,1600,1600,100,5,4.761904716491699,0,111804.3818359375,15700.507019042969,215815.77618408203,0,101.26582336425781,4685824,36384768,33610452992,34317791232,4333854720,2371584
199,1736792738244,1600,1600,1600,1600,100,0,5,0,111805.01483154297,15701.929992675781,215816.1220703125,0,100,4685824,36384768,33610452992,34317791232,4333854720,2371584
199,1736792738444,1599,1600,1600,1600,100,5,0,0,111805.64514160156,15703.342346191406,215816.4609375,0,100,4685824,36384768,33610452992,34317791232,4333854720,2371584
199,1736792738644,1599,1600,1600,1600,100,4.761904716491699,5,5,111806.27331542969,15704.754821777344,215816.80200195313,0,102.5641098022461,4685824,36384768,33610452992,34317791232,4333854720,2371584
199,1736792738844,1599,1600,1600,1600,100,0,0,4.761904716491699,111806.90240478516,15706.196166992188,215817.1596069336,0,100,4685824,36384768,33610452992,34317791232,4333854720,2371584
199,1736792739044,1599,1600,1600,1600,100,0,0,0,111807.5308227539,15707.605651855469,215817.49896240234,0,100,4685824,36384768,33610452992,34317791232,4333850624,2371584
199,1736792739244,1600,1600,1600,1600,100,4.761904716491699,5,5,111808.16693115234,15709.03173828125,215817.84509277344,0,100,4685824,36384768,33610452992,34317791232,4333850624,2371584
199,1736792739444,1599,1600,1600,1600,100,15.789472579956055,0,4.761904716491699,111808.81372070313,15710.550476074219,215818.25756835938,0,106.32911682128906,4685824,36384768,33610452992,34317791232,4333850624,2371584
199,1736792739644,1600,1600,1600,1600,100,15.789472579956055,0,4.761904716491699,111809.45050048828,15711.96240234375,215818.59899902344,0,95,4685824,36384768,33610452992,34317791232,4333850624,2371584
199,1736792739844,1599,1600,1600,1600,100,15.789472579956055,0,4.761904716491699,111810.07989501953,15713.416198730469,215818.96112060547,0,50.31446838378906,4685824,36384768,33610452992,34317791232,4333850624,2371584
199,1736792740044,1600,1600,1600,1600,100,15.789472579956055,0,4.761904716491699,111810.70703125,15714.806030273438,215819.2914428711,0,50.31446838378906,4685824,36384768,33610452992,34317791232,4333850624,2371584
199,1736792740244,1599,1600,1600,1600,100,0,0,5,111811.33850097656,15716.24169921875,215819.6450805664,0,98.76543426513672,4685824,36384768,33610452992,34317791232,4333850624,2371584
199,1736792740445,1600,1600,1600,1600,100,4.761904716491699,4.761904716491699,4.761904716491699,111811.96759033203,15717.646057128906,215819.98150634766,0,100,4685824,36384768,33610452992,34317791232,4333850624,2371584
199,1736792740645,1600,1600,1600,1600,100,5,5,0,111812.59503173828,15719.04833984375,215820.31756591797,0,98.76543426513672,4685824,36384768,33610452992,34317791232,4333850624,2371584
199,1736792740845,1600,1600,1600,1600,100,5,5,9.090909004211426,111813.22467041016,15720.495239257813,215820.6792602539,0,97.56097412109375,4685824,36384768,33610452992,34317791232,4333850624,2371584
199,1736792741045,1600,1600,1600,1600,100,5,5,9.090909004211426,111813.85278320313,15721.897338867188,215821.01623535156,0,100,4685824,36384768,33610452992,34317791232,4333850624,2371584
199,1736792741245,1599,1600,1600,1600,100,5,5,9.523809432983398,111814.48419189453,15723.315124511719,215821.36083984375,0,97.56097412109375,4685824,36384768,33610452992,34317791232,4333850624,2371584
199,1736792741445,1599,1600,1600,1600,100,5,5,9.523809432983398,111815.1137084961,15724.72119140625,215821.697265625,0,103.70370483398438,4685824,36384768,33610452992,34317791232,4333850624,2371584
199,1736792741645,1600,1600,1600,1600,100,0,9.523809432983398,5,111815.7426147461,15726.123718261719,215822.03424072266,0,95,4685824,36384768,33610452992,34317791232,4333850624,2371584
199,1736792741845,1599,1600,1600,1600,100,5,0,0,111816.37628173828,15727.5908203125,215822.39807128906,0,98.76543426513672,4685824,36384768,33610452992,34317791232,4333850624,2371584
199,1736792742045,1599,1600,1600,1600,100,5,0,0,111817.00024414063,15728.982360839844,215822.73541259766,0,104.99999237060547,4685824,36384768,33610452992,34317791232,4333850624,2371584
199,1736792742245,1600,1600,1600,1600,100,0,5,0,111817.63470458984,15730.405029296875,215823.08416748047,0,100,4685824,36384768,33610452992,34317791232,4333850624,2371584
199,1736792742445,1600,1600,1600,1600,100,4.761904716491699,0,9.523809432983398,111818.26281738281,15731.806884765625,215823.41973876953,0,100,4685824,36384768,33610452992,34317791232,4333850624,2371584
199,1736792742646,1599,1600,1600,1600,100,0,4.761904716491699,0,111818.8900756836,15733.204772949219,215823.75390625,0,101.26582336425781,4685824,36384768,33610452992,34317791232,4333850624,2371584
199,1736792742846,1600,1600,1600,1600,100,0,4.761904716491699,0,111819.5199584961,15734.659423828125,215824.1192626953,0,98.76543426513672,4685824,36384768,33610452992,34317791232,4333850624,2371584
199,1736792743046,1599,1600,1600,1600,100,5,5,0,111820.14733886719,15736.0625,215824.45703125,0,95,4685824,36384768,33610452992,34317791232,4333850624,2371584
199,1736792743246,1599,1600,1600,1600,100,0,5,5,111820.77996826172,15737.493347167969,215824.80682373047,0,100,4685824,36384768,33610452992,34317791232,4333850624,2371584
199,1736792743446,1599,1600,1600,1600,100,0,5,5,111821.40832519531,15738.89599609375,215825.14276123047,0,50.31446838378906,4685824,36384768,33610452992,34317791232,4333850624,2371584
199,1736792743646,1600,1600,1600,1600,100,0,5,5,111822.03540039063,15740.296875,215825.47680664063,0,100,4685824,36384768,33610452992,34317791232,4333850624,2371584
199,1736792743846,1599,1600,1600,1600,100,0,5,5,111822.66516113281,15741.772094726563,215825.8491821289,0,101.26582336425781,4685824,36384768,33610452992,34317791232,4333850624,2371584
199,1736792744046,1600,1600,1600,1600,100,2.0202019214630127,3,2.0202019214630127,111823.2924194336,15743.177490234375,215826.18646240234,0,101.26582336425781,4685824,36384768,33610452992,34317791232,4333850624,2371584
199,1736792744246,1599,1600,1600,1600,100,0,0,0,111823.9273071289,15744.604675292969,215826.53594970703,0,100,4685824,36384768,33610452992,34317791232,4333850624,2371584
199,1736792744446,1600,1600,1600,1600,100,4.761904716491699,0,0,111824.55590820313,15746.005676269531,215826.87115478516,0,100,4685824,36384768,33610452992,34317791232,4333850624,2371584
199,1736792744646,1600,1600,1600,1600,100,4.761904716491699,0,0,111825.18298339844,15747.405944824219,215827.19995117188,0,101.26582336425781,4685824,36384768,33610452992,34317791232,4333850624,2371584
199,1736792744846,1599,1600,1600,1600,100,4.761904716491699,0,0,111825.81164550781,15748.851867675781,215827.56622314453,0,50,4685824,36384768,33610452992,34317791232,4333850624,2371584
199,1736792745047,1600,1600,1600,1600,100,4.761904716491699,0,0,111826.4404296875,15750.261108398438,215827.90643310547,0,101.26582336425781,4685824,36384768,33610452992,34317791232,4333850624,2371584
199,1736792745247,1599,1600,1600,1600,100,4.761904716491699,0,0,111827.07342529297,15751.668090820313,215828.24713134766,0,101.26582336425781,4685824,36384768,33610452992,34317791232,4333850624,2371584
199,1736792745447,1600,1600,1600,1600,100,4.761904716491699,0,0,111827.72283935547,15753.081176757813,215828.58520507813,0,98.76543426513672,4685824,36384768,33610452992,34317791232,4333850624,2371584
199,1736792745647,1600,1600,1600,1600,100,4.761904716491699,0,0,111828.3525390625,15754.473876953125,215828.9165649414,0,101.26582336425781,4685824,36384768,33610452992,34317791232,4333850624,2371584
199,1736792745847,1600,1600,1600,1600,100,4.761904716491699,0,0,111828.98254394531,15755.926025390625,215829.27502441406,0,100,4685824,36384768,33610452992,34317791232,4333850624,2371584
199,1736792746047,1600,1600,1600,1600,100,4.761904716491699,0,0,111829.61334228516,15757.335205078125,215829.6131591797,0,101.26582336425781,4685824,36384768,33610452992,34317791232,4333850624,2371584
199,1736792746247,1599,1600,1600,1600,100,4.761904716491699,0,0,111830.25048828125,15758.751708984375,215829.95428466797,0,98.76543426513672,4685824,36384768,33610452992,34317791232,4333850624,2371584
199,1736792746447,1600,1600,1600,1600,100,4.761904716491699,0,0,111830.88079833984,15760.168701171875,215830.2963256836,0,100,4685824,36384768,33610452992,34317791232,4333850624,2371584
199,1736792746647,1599,1600,1600,1600,100,2.2935779094696045,3.1818180084228516,2.7272727489471436,111831.5111694336,15761.575927734375,215830.62591552734,0,100,4685824,36384768,33610452992,34317791232,4333850624,2371584
199,1736792746847,1600,1600,1600,1600,100,5,5,5,111832.14111328125,15763.017944335938,215830.9891357422,0,101.26582336425781,4685824,36384768,33610452992,34317791232,4333850624,2371584
199,1736792747047,1599,1600,1600,1600,100,0,0,4.761904716491699,111832.77160644531,15764.425903320313,215831.3276977539,0,98.76543426513672,4685824,36384768,33610452992,34317791232,4333850624,2371584
199,1736792747248,1599,1600,1600,1600,100,5,4.761904716491699,0,111833.41473388672,15765.870544433594,215831.6830444336,0,100,4685824,36384768,33610452992,34317791232,4333850624,2371584
199,1736792747448,1600,1600,1600,1600,100,5,4.761904716491699,0,111834.04528808594,15767.279174804688,215832.01879882813,0,101.26582336425781,4685824,36384768,33610452992,34317791232,4333850624,2371584
199,1736792747648,1599,1600,1600,1600,100,0,0,0,111834.67443847656,15768.680847167969,215832.35302734375,0,100,4685824,36384768,33610452992,34317791232,4333846528,2371584
199,1736792747848,1599,1600,1600,1600,100,5,0,4.761904716491699,111835.30554199219,15770.110473632813,215832.7059326172,0,101.26582336425781,4685824,36384768,33610452992,34317791232,4333846528,2371584
199,1736792748048,1599,1600,1600,1600,100,5,0,4.761904716491699,111835.93585205078,15771.513000488281,215833.04150390625,0,101.26582336425781,4685824,36384768,33610452992,34317791232,4333846528,2371584
199,1736792748248,1600,1600,1600,1600,100,0,0,0,111836.5697631836,15772.93701171875,215833.3853149414,0,101.26582336425781,4685824,36384768,33610452992,34317791232,4333846528,2371584
199,1736792748448,1599,1600,1600,1600,100,4.761904716491699,0,4.761904716491699,111837.19958496094,15774.339111328125,215833.72009277344,0,101.26582336425781,4685824,36384768,33610452992,34317791232,4333846528,2371584
199,1736792748648,1600,1600,1600,1600,100,0,0,0,111837.82800292969,15775.738525390625,215834.0532836914,0,100,4685824,36384768,33610452992,34317791232,4333846528,2371584
199,1736792748848,1599,1600,1600,1600,100,5,0,4.761904716491699,111838.46282958984,15777.237182617188,215834.43157958984,0,101.26582336425781,4685824,36384768,33610452992,34317791232,4333846528,2371584
199,1736792749048,1600,1600,1600,1600,100,0,4.761904716491699,0,111839.09173583984,15778.643493652344,215834.7661743164,0,98.76543426513672,4685824,36384768,33610452992,34317791232,4333846528,2371584
199,1736792749248,1600,1600,1600,1600,100,5,20,0,111839.75268554688,15780.157165527344,215835.1668701172,0,100,4685824,36384768,33610452992,34317791232,4333846528,2371584
199,1736792749449,1599,1600,1600,1600,100,4.761904716491699,0,9.090909004211426,111840.38311767578,15781.56396484375,215835.5030517578,0,101.26582336425781,4685824,36384768,33610452992,34317791232,4333846528,2371584
199,1736792749649,1600,1600,1600,1600,100,0,9.090909004211426,5,111841.01171875,15782.958618164063,215835.83416748047,0,98.76543426513672,4685824,36384768,33610452992,34317791232,4333842432,2371584
199,1736792749849,1599,1600,1600,1600,100,9.523809432983398,0,0,111841.64221191406,15784.39990234375,215836.18963623047,0,100,4685824,36384768,33610452992,34317791232,4333842432,2371584
199,1736792750049,1600,1600,1600,1600,100,9.523809432983398,0,0,111842.27172851563,15785.802734375,215836.5242919922,0,98.76543426513672,4685824,36384768,33610452992,34317791232,4333842432,2371584
199,1736792750249,1599,1600,1600,1600,100,0,0,0,111842.90612792969,15787.213684082031,215836.86456298828,0,103.70370483398438,4685824,36384768,33610452992,34317791232,4333842432,2371584
199,1736792750449,1599,1600,1600,1600,100,5,4.761904716491699,4.761904716491699,111843.53747558594,15788.621398925781,215837.19958496094,0,98.76543426513672,4685824,36384768,33610452992,34317791232,4333842432,2371584
199,1736792750649,1600,1600,1600,1600,100,5,4.761904716491699,4.761904716491699,111844.16723632813,15790.025939941406,215837.53424072266,0,100,4685824,36384768,33610452992,34317791232,4333842432,2371584
199,1736792750849,1599,1600,1600,1600,100,5,0,5,111844.80242919922,15791.497985839844,215837.90313720703,0,93.82715606689453,4685824,36384768,33610452992,34317791232,4333842432,2371584
199,1736792751049,1600,1600,1600,1600,100,5,0,5,111845.43292236328,15792.896850585938,215838.23010253906,0,106.32911682128906,4685824,36384768,33610452992,34317791232,4333842432,2371584
199,1736792751249,1599,1600,1600,1600,100,4.761904716491699,4.761904716491699,9.523809432983398,111846.06756591797,15794.315368652344,215838.5791015625,0,97.56097412109375,4685824,36384768,33610452992,34317791232,4333842432,2371584
199,1736792751449,1600,1600,1600,1600,100,5,0,0,111846.69934082031,15795.724548339844,215838.91473388672,0,98.76543426513672,4685824,36384768,33610452992,34317791232,4333842432,2371584
199,1736792751650,1599,1600,1600,1600,100,0,4.761904716491699,4.761904716491699,111847.3305053711,15797.134460449219,215839.25067138672,0,100,4685824,36384768,33610452992,34317791232,4333842432,2371584
199,1736792751850,1599,1600,1600,1600,100,0,0,5,111847.96142578125,15798.595947265625,215839.6117553711,0,101.26582336425781,4685824,36384768,33610452992,34317791232,4333842432,2371584
199,1736792752050,1600,1600,1600,1600,100,5,4.761904716491699,0,111848.5912475586,15800.00146484375,215839.9462890625,0,98.76543426513672,4685824,36384768,33610452992,34317791232,4333842432,2371584
199,1736792752250,1599,1600,1600,1600,100,4.761904716491699,5,9.090909004211426,111849.22607421875,15801.425170898438,215840.28997802734,0,100,4685824,36384768,33610452992,34317791232,4333842432,2371584
199,1736792752450,1600,1600,1600,1600,100,0,0,0,111849.85809326172,15802.83642578125,215840.62579345703,0,100,4685824,36384768,33610452992,34317791232,4333842432,2371584
199,1736792752650,1600,1600,1600,1600,100,4.761904716491699,0,4.761904716491699,111850.48791503906,15804.238891601563,215840.95849609375,0,101.26582336425781,4685824,36384768,33610452992,34317791232,4333842432,2371584
199,1736792752850,1599,1600,1600,1600,100,5,0,0,111851.11944580078,15805.700561523438,215841.32110595703,0,100,4685824,36384768,33610452992,34317791232,4333842432,2371584
199,1736792753050,1600,1600,1600,1600,100,0,4.761904716491699,0,111851.75280761719,15807.111389160156,215841.6586303711,0,101.26582336425781,4685824,36384768,33610452992,34317791232,4333842432,2371584
199,1736792753250,1599,1600,1600,1600,100,0,4.761904716491699,0,111852.3833618164,15808.504150390625,215841.98931884766,0,100,4685824,36384768,33610452992,34317791232,4333842432,2371584
199,1736792753450,1599,1600,1600,1600,100,0,4.761904716491699,0,111853.01934814453,15809.921142578125,215842.3316040039,0,50,4685824,36384768,33610452992,34317791232,4333842432,2371584
199,1736792753650,1600,1600,1600,1600,100,0,4.761904716491699,0,111853.64929199219,15811.325378417969,215842.66662597656,0,50,4685824,36384768,33610452992,34317791232,4333842432,2371584
199,1736792753850,1600,1600,1600,1600,100,4.761904716491699,4.761904716491699,0,111854.28112792969,15812.784545898438,215843.02740478516,0,101.26582336425781,4685824,36384768,33610452992,34317791232,4333842432,2371584
199,1736792754051,1600,1600,1600,1600,100,0,0,0,111854.91174316406,15814.192016601563,215843.3627319336,0,101.26582336425781,4685824,36384768,33610452992,34317791232,4333842432,2371584
199,1736792754251,1599,1600,1600,1600,100,5,4.761904716491699,5,111855.5464477539,15815.608276367188,215843.70379638672,0,100,4685824,36384768,33610452992,34317791232,4333842432,2371584
199,1736792754451,1599,1600,1600,1600,100,0,0,4.761904716491699,111856.1810913086,15817.055786132813,215844.05548095703,0,100,4685824,36384768,33610452992,34317791232,4333838336,2371584
199,1736792754651,1599,1600,1600,1600,100,5,0,0,111856.8115234375,15818.454772949219,215844.3872680664,0,102.5641098022461,4685824,36384768,33610452992,34317791232,4333838336,2371584
199,1736792754851,1600,1600,1600,1600,100,0,0,5,111857.44256591797,15819.885192871094,215844.73809814453,0,100,4685824,36384768,33610452992,34317791232,4333838336,2371584
199,1736792755051,1599,1600,1600,1600,100,0,4.761904716491699,0,111858.07360839844,15821.286865234375,215845.07196044922,0,100,4685824,36384768,33610452992,34317791232,4333838336,2371584
199,1736792755251,1600,1600,1600,1600,100,5,0,5,111858.7105102539,15822.710144042969,215845.4096069336,0,101.26582336425781,4685824,36384768,33610452992,34317791232,4333838336,2371584
199,1736792755451,1599,1600,1600,1600,100,0,0,0,111859.34338378906,15824.118408203125,215845.75457763672,0,100,4685824,36384768,33610452992,34317791232,4333838336,2371584
199,1736792755651,1600,1600,1600,1600,100,0,0,0,111859.9740600586,15825.520202636719,215846.08142089844,0,100,4685824,36384768,33610452992,34317791232,4333838336,2371584
199,1736792755851,1600,1600,1600,1600,100,0,4.761904716491699,4.761904716491699,111860.60565185547,15826.955749511719,215846.4412841797,0,100,4685824,36384768,33610452992,34317791232,4333838336,2371584
199,1736792756051,1600,1600,1600,1600,100,0,0,4.761904716491699,111861.23614501953,15828.359497070313,215846.77404785156,0,101.26582336425781,4685824,36384768,33610452992,34317791232,4333838336,2371584
199,1736792756252,1599,1600,1600,1600,100,5,5,0,111861.86993408203,15829.765441894531,215847.11151123047,0,100,4685824,36384768,33610452992,34317791232,4333838336,2371584
199,1736792756452,1599,1600,1600,1600,100,4.761904716491699,0,5,111862.50549316406,15831.179870605469,215847.44506835938,0,101.26582336425781,4685824,36384768,33610452992,34317791232,4333838336,2371584
199,1736792756652,1600,1600,1600,1600,100,4.761904716491699,0,5,111863.13610839844,15832.575988769531,215847.78143310547,0,100,4685824,36384768,33610452992,34317791232,4333838336,2371584
199,1736792756852,1599,1600,1600,1600,100,4.761904716491699,0,5,111863.76818847656,15834.022155761719,215848.1382446289,0,50,4685824,36384768,33610452992,34317791232,4333838336,2371584
199,1736792757052,1599,1600,1600,1600,100,4.761904716491699,0,5,111864.39916992188,15835.42236328125,215848.46893310547,0,101.26582336425781,4685824,36384768,33610452992,34317791232,4333838336,2371584
199,1736792757252,1600,1600,1600,1600,100,4.761904716491699,0,5,111865.0425415039,15836.856079101563,215848.8197631836,0,100,4685824,36384768,33610452992,34317791232,4333838336,2371584
199,1736792757452,1599,1600,1600,1600,100,2.040816307067871,1.0204081535339355,2.0202019214630127,111865.67645263672,15838.260803222656,215849.15203857422,0,100,4685824,36384768,33610452992,34317791232,4333838336,2371584
199,1736792757652,1599,1600,1600,1600,100,5,5,0,111866.30926513672,15839.66748046875,215849.48974609375,0,102.5641098022461,4685824,36384768,33610452992,34317791232,4333850624,2371584
199,1736792757852,1600,1600,1600,1600,100,4.761904716491699,4.761904716491699,5,111866.94525146484,15841.100402832031,215849.84466552734,0,98.76543426513672,4685824,36384768,33610452992,34317791232,4333850624,2371584
199,1736792758052,1599,1600,1600,1600,100,0,0,5,111867.57720947266,15842.508422851563,215850.17944335938,0,102.5641098022461,4685824,36384768,33610452992,34317791232,4333850624,2371584
199,1736792758252,1599,1600,1600,1600,100,0,0,0,111868.21337890625,15843.927307128906,215850.52075195313,0,98.76543426513672,4685824,36384768,33610452992,34317791232,4333850624,2371584
199,1736792758452,1600,1600,1600,1600,100,4.761904716491699,5,5,111868.8461303711,15845.330627441406,215850.8539428711,0,101.26582336425781,4685824,36384768,33610452992,34317791232,4333850624,2371584
199,1736792758653,1599,1600,1600,1600,100,5,4.761904716491699,5,111869.47821044922,15846.73779296875,215851.1908569336,0,100,4685824,36384768,33610452992,34317791232,4333850624,2371584
199,1736792758853,1600,1600,1600,1600,100,0,5,0,111870.12902832031,15848.211608886719,215851.5474243164,0,102.43902587890625,4685824,36384768,33610452992,34317791232,4333850624,2371584
199,1736792759053,1599,1600,1600,1600,100,0,5,0,111870.74102783203,15849.572021484375,215851.87731933594,0,91.5662612915039,4685824,36384768,33610452992,34317791232,4333850624,2371584
199,1736792759253,1600,1600,1600,1600,100,0,5,0,111871.3755493164,15850.980224609375,215852.21612548828,0,50.632911682128906,4685824,36384768,33610452992,34317791232,4333850624,2371584
199,1736792759453,1600,1600,1600,1600,100,0,5,0,111872.00701904297,15852.380249023438,215852.54846191406,0,98.76543426513672,4685824,36384768,33610452992,34317791232,4333850624,2371584
199,1736792759653,1599,1600,1600,1600,100,4.938271522521973,3.7037036418914795,3.750000238418579,111872.64050292969,15853.790649414063,215852.88806152344,0,98.76543426513672,4685824,36384768,33610452992,34317791232,4333850624,2371584
199,1736792759853,1599,1600,1600,1600,100,0,5,4.761904716491699,111873.27532958984,15855.211181640625,215853.2290649414,0,100,4685824,36384768,33610452992,34317791232,4333850624,2371584
199,1736792760053,1600,1600,1600,1600,100,0,5,4.761904716491699,111873.91284179688,15856.656494140625,215853.5841064453,0,98.76543426513672,4685824,36384768,33610452992,34317791232,4333850624,2371584
199,1736792760253,1599,1600,1600,1600,100,0,5,4.761904716491699,111874.54852294922,15858.078735351563,215853.9253540039,0,50,4685824,36384768,33610452992,34317791232,4333850624,2371584
199,1736792760453,1600,1600,1600,1600,100,0,5,4.761904716491699,111875.1806640625,15859.484191894531,215854.25885009766,0,100,4685824,36384768,33610452992,34317791232,4333850624,2371584
199,1736792760653,1600,1600,1600,1600,100,0,5,4.761904716491699,111875.81176757813,15860.886169433594,215854.59301757813,0,101.26582336425781,4685824,36384768,33610452992,34317791232,4333850624,2371584
199,1736792760854,1599,1600,1600,1600,100,0,5,4.761904716491699,111876.4437866211,15862.297912597656,215854.92950439453,0,98.76543426513672,4685824,36384768,33610452992,34317791232,4333850624,2371584
199,1736792761054,1600,1600,1600,1600,100,0,5,4.761904716491699,111877.07580566406,15863.730285644531,215855.2813720703,0,101.26582336425781,4685824,36384768,33610452992,34317791232,4333850624,2371584
199,1736792761254,1600,1600,1600,1600,100,2.857142925262451,2.857142925262451,2.8776979446411133,111877.71032714844,15865.143432617188,215855.62005615234,0,101.26582336425781,4685824,36384768,33610452992,34317791232,4333850624,2371584
199,1736792761454,1599,1600,1600,1600,100,0,0,0,111878.341796875,15866.543518066406,215855.95153808594,0,100,4685824,36384768,33610452992,34317791232,4333850624,2371584
199,1736792761654,1600,1600,1600,1600,100,5,5,9.523809432983398,111878.99249267578,15867.984375,215856.3041381836,0,101.26582336425781,4685824,36384768,33610452992,34317791232,4333850624,2371584
199,1736792761854,1600,1600,1600,1600,100,0,0,0,111879.6255493164,15869.385131835938,215856.63696289063,0,100,4685824,36384768,33610452992,34317791232,4333850624,2371584
199,1736792762054,1600,1600,1600,1600,100,5,5,5,111880.25805664063,15870.829162597656,215856.990234375,0,100,4685824,36384768,33610452992,34317791232,4333850624,2371584
199,1736792762254,1600,1600,1600,1600,100,5,0,4.761904716491699,111880.89660644531,15872.256896972656,215857.32977294922,0,100,4685824,36384768,33610452992,34317791232,4333850624,2371584
199,1736792762454,1599,1600,1600,1600,100,0,5,0,111881.52813720703,15873.662414550781,215857.66986083984,0,100,4685824,36384768,33610452992,34317791232,4333846528,2371584
199,1736792762654,1600,1600,1600,1600,100,5,4.761904716491699,0,111882.15893554688,15875.077880859375,215858.00714111328,0,100,4685824,36384768,33610452992,34317791232,4333846528,2371584
199,1736792762854,1599,1600,1600,1600,100,5,4.761904716491699,0,111882.79022216797,15876.489807128906,215858.34637451172,0,100,4685824,36384768,33610452992,34317791232,4333846528,2371584
199,1736792763055,1599,1600,1600,1600,100,5,4.761904716491699,0,111883.42181396484,15877.923095703125,215858.69787597656,0,50.31446838378906,4685824,36384768,33610452992,34317791232,4333846528,2371584
199,1736792763255,1600,1600,1600,1600,100,5,4.761904716491699,0,111884.05639648438,15879.337707519531,215859.03619384766,0,100,4685824,36384768,33610452992,34317791232,4333846528,2371584
199,1736792763455,1600,1600,1600,1600,100,5,4.761904716491699,0,111884.6875,15880.745910644531,215859.37158203125,0,100,4685824,36384768,33610452992,34317791232,4333846528,2371584
199,1736792763655,1599,1600,1600,1600,100,2.5,2.5,2.5316455364227295,111885.31829833984,15882.155212402344,215859.70727539063,0,101.26582336425781,4685824,36384768,33610452992,34317791232,4333846528,2371584
199,1736792763855,1599,1600,1600,1600,100,0,0,5,111885.95013427734,15883.562927246094,215860.04333496094,0,101.26582336425781,4685824,36384768,33610452992,34317791232,4333846528,2371584
199,1736792764055,1600,1600,1600,1600,100,4.761904716491699,0,0,111886.58508300781,15885.012023925781,215860.40240478516,0,100,4685824,36384768,33610452992,34317791232,4333846528,2371584
199,1736792764255,1600,1600,1600,1600,100,4.761904716491699,0,0,111887.21704101563,15886.423583984375,215860.73944091797,0,101.26582336425781,4685824,36384768,33610452992,34317791232,4333846528,2371584
199,1736792764455,1599,1600,1600,1600,100,4.761904716491699,0,0,111887.84844970703,15887.828063964844,215861.07263183594,0,50,4685824,36384768,33610452992,34317791232,4333846528,2371584
199,1736792764655,1599,1600,1600,1600,100,4.761904716491699,0,0,111888.48266601563,15889.241821289063,215861.41284179688,0,100,4685824,36384768,33610452992,34317791232,4333846528,2371584
199,1736792764855,1600,1600,1600,1600,100,2.5316455364227295,3.7037036418914795,1.2658227682113647,111889.11346435547,15890.646667480469,215861.74676513672,0,100,4685824,36384768,33610452992,34317791232,4333846528,2371584
199,1736792765055,1600,1600,1600,1600,100,0,0,9.523809432983398,111889.74542236328,15892.090454101563,215862.10455322266,0,101.26582336425781,4685824,36384768,33610452992,34317791232,4333846528,2371584
199,1736792765255,1599,1600,1600,1600,100,5,0,0,111890.37902832031,15893.498779296875,215862.4422607422,0,100,4685824,36384768,33610452992,34317791232,4333846528,2371584
199,1736792765456,1599,1600,1600,1600,100,0,5,4.761904716491699,111891.0111694336,15894.90087890625,215862.7759399414,0,101.26582336425781,4685824,36384768,33610452992,34317791232,4333846528,2371584
199,1736792765656,1600,1600,1600,1600,100,4.761904716491699,0,0,111891.64166259766,15896.304565429688,215863.1099243164,0,98.76543426513672,4685824,36384768,33610452992,34317791232,4333846528,2371584
199,1736792765856,1599,1600,1600,1600,100,0,0,4.761904716491699,111892.27319335938,15897.707763671875,215863.44354248047,0,101.26582336425781,4685824,36384768,33610452992,34317791232,4333846528,2371584
199,1736792766056,1600,1600,1600,1600,100,5,4.761904716491699,5.263157844543457,111892.90673828125,15899.147521972656,215863.8012084961,0,100,4685824,36384768,33610452992,34317791232,4333846528,2371584
199,1736792766256,1600,1600,1600,1600,100,5,4.761904716491699,5.263157844543457,111893.53997802734,15900.564392089844,215864.14123535156,0,100,4685824,36384768,33610452992,34317791232,4333846528,2371584
199,1736792766456,1599,1600,1600,1600,100,0,5,0,111894.17083740234,15901.972717285156,215864.4769897461,0,101.26582336425781,4685824,36384768,33610452992,34317791232,4333846528,2371584
199,1736792766656,1599,1600,1600,1600,100,0,0,4.761904716491699,111894.80725097656,15903.39306640625,215864.8119506836,0,101.26582336425781,4685824,36384768,33610452992,34317791232,4333846528,2371584
199,1736792766856,1600,1600,1600,1600,100,5,61.904762268066406,5,111895.53015136719,15905.203430175781,215865.4310913086,0,103.70370483398438,4685824,36384768,33610452992,34317791232,4333846528,2371584
199,1736792767056,1600,1600,1600,1600,100,5,61.904762268066406,5,111896.24688720703,15907.027160644531,215866.0562133789,0,93.82715606689453,4685824,36384768,33610452992,34317791232,4333846528,2371584
199,1736792767256,1600,1600,1600,1600,100,5,61.904762268066406,5,111896.88757324219,15908.461242675781,215866.40795898438,0,50.955413818359375,4685824,36384768,33610452992,34317791232,4333846528,2371584
199,1736792767456,1599,1600,1600,1600,100,5,61.904762268066406,5,111897.51672363281,15909.86474609375,215866.74200439453,0,100,4685824,36384768,33610452992,34317791232,4333846528,2371584
199,1736792767657,1599,1600,1600,1600,100,5,61.904762268066406,5,111898.14672851563,15911.272827148438,215867.0780029297,0,98.76543426513672,4685824,36384768,33610452992,34317791232,4333846528,2371584
199,1736792767857,1600,1600,1600,1600,100,3.9603960514068604,16,3.0303030014038086,111898.77764892578,15912.675415039063,215867.41302490234,0,98.76543426513672,4685824,36384768,33610452992,34317791232,4333846528,2371584
199,1736792768057,1600,1600,1600,1600,100,5,5,5,111899.41375732422,15914.137634277344,215867.78063964844,0,104.99999237060547,4685824,36384768,33610452992,34317791232,4333846528,2371584
199,1736792768257,1600,1600,1600,1600,100,5,5,5,111900.04479980469,15915.549621582031,215868.11840820313,0,92.68292999267578,4685824,36384768,33610452992,34317791232,4333846528,2371584
199,1736792768457,1599,1600,1600,1600,100,5,5,5,111900.67401123047,15916.946228027344,215868.451171875,0,50,4685824,36384768,33610452992,34317791232,4333846528,2371584
199,1736792768657,1599,1600,1600,1600,100,5,5,5,111901.30639648438,15918.357788085938,215868.79107666016,0,97.56097412109375,4685824,36384768,33610452992,34317791232,4333846528,2371584
199,1736792768857,1600,1600,1600,1600,100,3.750000238418579,3.7037036418914795,4.878048419952393,111901.93579101563,15919.755187988281,215869.12225341797,0,102.43902587890625,4685824,36384768,33610452992,34317791232,4333846528,2371584
199,1736792769057,1599,1600,1600,1600,100,0,5,5,111902.56774902344,15921.203674316406,215869.48223876953,0,100,4685824,36384768,33610452992,34317791232,4333846528,2371584
199,1736792769257,1600,1600,1600,1600,100,0,0,4.761904716491699,111903.20263671875,15922.619201660156,215869.82348632813,0,100,4685824,36384768,33610452992,34317791232,4333846528,2371584
199,1736792769457,1599,1600,1600,1600,100,5,4.761904716491699,5,111903.83374023438,15924.019775390625,215870.15563964844,0,100,4685824,36384768,33610452992,34317791232,4333842432,2371584
199,1736792769657,1600,1600,1600,1600,100,4.761904716491699,5,0,111904.46417236328,15925.418884277344,215870.4878540039,0,100,4685824,36384768,33610452992,34317791232,4333842432,2371584
199,1736792769858,1600,1600,1600,1600,100,0,0,4.761904716491699,111905.0961303711,15926.817565917969,215870.8204345703,0,100,4685824,36384768,33610452992,34317791232,4333842432,2371584
199,1736792770058,1600,1600,1600,1600,100,9.523809432983398,5,5,111905.767578125,15928.364013671875,215871.23419189453,0,100,4685824,36384768,33610452992,34317791232,4333875200,2371584
199,1736792770258,1599,1600,1600,1600,100,9.523809432983398,5,5,111906.39959716797,15929.759155273438,215871.56805419922,0,96.38554382324219,4685824,36384768,33610452992,34317791232,4334252032,2371584
199,1736792770458,1599,1600,1600,1600,100,9.523809432983398,5,5,111907.0297241211,15931.162658691406,215871.90307617188,0,51.28205490112305,4685824,36384768,33610452992,34317791232,4334149632,2371584
200,1736792770658,1599,1600,1600,1600,100,9.523809432983398,5,5,111907.67980957031,15932.59619140625,215872.24810791016,0,100,4685824,36384768,33610452992,34317791232,3779649536,2371584
4,1736792770858,1600,1600,1600,1600,100,9.523809432983398,5,5,111908.25708007813,15932.965026855469,215872.2930908203,0,0,4685824,36384768,33610452992,34317791232,3757121536,2371584
